<?xml version="1.0" encoding="UTF-8"?>
<MD_Metadata xmlns="http://www.isotc211.org/2005/gmd" xmlns:gco="http://www.isotc211.org/2005/gco" xmlns:gts="http://www.isotc211.org/2005/gts" xmlns:srv="http://www.isotc211.org/2005/srv" xmlns:gml="http://www.opengis.net/gml" xmlns:xlink="http://www.w3.org/1999/xlink" xmlns:xsi="http://www.w3.org/2001/XMLSchema-instance">
  <fileIdentifier>
    <gco:CharacterString>edu.stanford.purl:bx729wr3020</gco:CharacterString>
  </fileIdentifier>
  <language>
    <LanguageCode codeList="http://www.loc.gov/standards/iso639-2/php/code_list.php" codeListValue="eng" codeSpace="ISO639-2">eng</LanguageCode>
  </language>
  <characterSet>
    <MD_CharacterSetCode codeList="http://www.isotc211.org/2005/resources/Codelist/gmxCodelists.xml#MD_CharacterSetCode" codeListValue="utf8" codeSpace="ISOTC211/19115">utf8</MD_CharacterSetCode>
  </characterSet>
  <parentIdentifier>
    <gco:CharacterString>http://purl.stanford.edu/cv275yx9215.mods</gco:CharacterString>
  </parentIdentifier>
  <hierarchyLevel>
    <MD_ScopeCode codeList="http://www.isotc211.org/2005/resources/Codelist/gmxCodelists.xml#MD_ScopeCode" codeListValue="dataset" codeSpace="ISOTC211/19115">dataset</MD_ScopeCode>
  </hierarchyLevel>
  <hierarchyLevelName>
    <gco:CharacterString>dataset</gco:CharacterString>
  </hierarchyLevelName>
  <contact>
    <CI_ResponsibleParty>
      <organisationName>
        <gco:CharacterString>National Atlas of the United States</gco:CharacterString>
      </organisationName>
      <contactInfo>
        <CI_Contact>
          <phone>
            <CI_Telephone>
              <voice>
                <gco:CharacterString>1-888-ASK-USGS (1-888-275-8747)</gco:CharacterString>
              </voice>
            </CI_Telephone>
          </phone>
          <address>
            <CI_Address>
              <deliveryPoint>
                <gco:CharacterString>12201 Sunrise Valley Drive</gco:CharacterString>
              </deliveryPoint>
              <deliveryPoint>
                <gco:CharacterString>U.S. Geological Survey</gco:CharacterString>
              </deliveryPoint>
              <deliveryPoint>
                <gco:CharacterString>511 National Center</gco:CharacterString>
              </deliveryPoint>
              <city>
                <gco:CharacterString>Reston</gco:CharacterString>
              </city>
              <administrativeArea>
                <gco:CharacterString>VA</gco:CharacterString>
              </administrativeArea>
              <postalCode>
                <gco:CharacterString>20192</gco:CharacterString>
              </postalCode>
              <electronicMailAddress>
                <gco:CharacterString>atlasmail@usgs.gov</gco:CharacterString>
              </electronicMailAddress>
            </CI_Address>
          </address>
        </CI_Contact>
      </contactInfo>
      <role>
        <CI_RoleCode codeList="http://www.isotc211.org/2005/resources/Codelist/gmxCodelists.xml#CI_RoleCode" codeListValue="pointOfContact" codeSpace="ISOTC211/19115">pointOfContact</CI_RoleCode>
      </role>
    </CI_ResponsibleParty>
  </contact>
  <dateStamp>
    <gco:Date>2015-11-09</gco:Date>
  </dateStamp>
  <metadataStandardName>
    <gco:CharacterString>ISO 19139 Geographic Information - Metadata - Implementation Specification</gco:CharacterString>
  </metadataStandardName>
  <metadataStandardVersion>
    <gco:CharacterString>2007</gco:CharacterString>
  </metadataStandardVersion>
  <dataSetURI>
    <gco:CharacterString>http://purl.stanford.edu/bx729wr3020</gco:CharacterString>
  </dataSetURI>
  <spatialRepresentationInfo>
    <MD_VectorSpatialRepresentation>
      <topologyLevel>
        <MD_TopologyLevelCode codeList="http://www.isotc211.org/2005/resources/Codelist/gmxCodelists.xml#MD_TopologyLevelCode" codeListValue="geometryOnly" codeSpace="ISOTC211/19115">geometryOnly</MD_TopologyLevelCode>
      </topologyLevel>
      <geometricObjects>
        <MD_GeometricObjects>
          <geometricObjectType>
            <MD_GeometricObjectTypeCode codeList="http://www.isotc211.org/2005/resources/Codelist/gmxCodelists.xml#MD_GeometricObjectTypeCode" codeListValue="point" codeSpace="ISOTC211/19115">point</MD_GeometricObjectTypeCode>
          </geometricObjectType>
          <geometricObjectCount>
            <gco:Integer>38186</gco:Integer>
          </geometricObjectCount>
        </MD_GeometricObjects>
      </geometricObjects>
    </MD_VectorSpatialRepresentation>
  </spatialRepresentationInfo>
  <referenceSystemInfo>
    <MD_ReferenceSystem>
      <referenceSystemIdentifier>
        <RS_Identifier>
          <code>
            <gco:CharacterString>4269</gco:CharacterString>
          </code>
          <codeSpace>
            <gco:CharacterString>EPSG</gco:CharacterString>
          </codeSpace>
          <version>
            <gco:CharacterString>8.6.2</gco:CharacterString>
          </version>
        </RS_Identifier>
      </referenceSystemIdentifier>
    </MD_ReferenceSystem>
  </referenceSystemInfo>
  <identificationInfo>
    <MD_DataIdentification>
      <citation>
        <CI_Citation>
          <title>
            <gco:CharacterString>Cities and Towns of the United States, 2014</gco:CharacterString>
          </title>
          <date>
            <CI_Date>
              <date>
                <gco:Date>2014-03-01</gco:Date>
              </date>
              <dateType>
                <CI_DateTypeCode codeList="http://www.isotc211.org/2005/resources/Codelist/gmxCodelists.xml#CI_DateTypeCode" codeListValue="publication" codeSpace="ISOTC211/19115">publication</CI_DateTypeCode>
              </dateType>
            </CI_Date>
          </date>
          <edition>
            <gco:CharacterString>2</gco:CharacterString>
          </edition>
          <identifier>
            <MD_Identifier>
              <code>
                <gco:CharacterString>http://purl.stanford.edu/bx729wr3020</gco:CharacterString>
              </code>
            </MD_Identifier>
          </identifier>
          <citedResponsibleParty>
            <CI_ResponsibleParty>
              <organisationName>
                <gco:CharacterString>National Atlas of the United States</gco:CharacterString>
              </organisationName>
              <role>
                <CI_RoleCode codeList="http://www.isotc211.org/2005/resources/Codelist/gmxCodelists.xml#CI_RoleCode" codeListValue="originator" codeSpace="ISOTC211/19115">originator</CI_RoleCode>
              </role>
            </CI_ResponsibleParty>
          </citedResponsibleParty>
          <citedResponsibleParty>
            <CI_ResponsibleParty>
              <organisationName>
                <gco:CharacterString>National Atlas of the United States</gco:CharacterString>
              </organisationName>
              <contactInfo>
                <CI_Contact>
                  <address>
                    <CI_Address>
                      <deliveryPoint>
                        <gco:CharacterString>Rolla, MO</gco:CharacterString>
                      </deliveryPoint>
                    </CI_Address>
                  </address>
                </CI_Contact>
              </contactInfo>
              <role>
                <CI_RoleCode codeList="http://www.isotc211.org/2005/resources/Codelist/gmxCodelists.xml#CI_RoleCode" codeListValue="publisher" codeSpace="ISOTC211/19115">publisher</CI_RoleCode>
              </role>
            </CI_ResponsibleParty>
          </citedResponsibleParty>
          <presentationForm>
            <CI_PresentationFormCode codeList="http://www.isotc211.org/2005/resources/Codelist/gmxCodelists.xml#CI_PresentationFormCode" codeListValue="mapDigital" codeSpace="ISOTC211/19115">mapDigital</CI_PresentationFormCode>
          </presentationForm>
          <otherCitationDetails>
            <gco:CharacterString>These data were downloaded from the National Atlas website (http://www.nationalatlas.gov/atlasftp.html) in August 2014.</gco:CharacterString>
          </otherCitationDetails>
          <collectiveTitle>
            <gco:CharacterString>National Atlas of the United States of America, 1997-2014</gco:CharacterString>
          </collectiveTitle>
        </CI_Citation>
      </citation>
      <abstract>
        <gco:CharacterString>This point shapefile includes cities and towns in the United States, Puerto Rico, and the U.S. Virgin Islands. A city or town is a place with a recorded population, usually with at least one central area that provides commercial activities. Cities are generally larger than towns; no distinction is made between cities and towns in this map layer.This layer includes populations from 2010. This layer is part of the 1997-2014 edition of the National Atlas of the United States.</gco:CharacterString>
      </abstract>
      <purpose>
        <gco:CharacterString>These data are intended for geographic display and analysis at the national level, and for large regional areas. The data should be displayed and analyzed at scales appropriate for 1:1,000,000-scale data. No responsibility is assumed by the National Atlas of the United States in the use of these data.</gco:CharacterString>
      </purpose>
      <credit>
        <gco:CharacterString>National Atlas of the United States. (2013). Cities and Towns of the United States, 2014. National Atlas of the United States. Available at: http://purl.stanford.edu/bx729wr3020.</gco:CharacterString>
      </credit>
      <status>
        <MD_ProgressCode codeList="http://www.isotc211.org/2005/resources/Codelist/gmxCodelists.xml#MD_ProgressCode" codeListValue="completed" codeSpace="ISOTC211/19115">completed</MD_ProgressCode>
      </status>
      <pointOfContact>
        <CI_ResponsibleParty>
          <organisationName>
            <gco:CharacterString>National Atlas of the United States</gco:CharacterString>
          </organisationName>
          <contactInfo>
            <CI_Contact>
              <phone>
                <CI_Telephone>
                  <voice>
                    <gco:CharacterString>1-888-ASK-USGS (1-888-275-8747)</gco:CharacterString>
                  </voice>
                </CI_Telephone>
              </phone>
              <address>
                <CI_Address>
                  <deliveryPoint>
                    <gco:CharacterString>12201 Sunrise Valley Drive</gco:CharacterString>
                  </deliveryPoint>
                  <deliveryPoint>
                    <gco:CharacterString>U.S. Geological Survey</gco:CharacterString>
                  </deliveryPoint>
                  <deliveryPoint>
                    <gco:CharacterString>511 National Center</gco:CharacterString>
                  </deliveryPoint>
                  <city>
                    <gco:CharacterString>Reston</gco:CharacterString>
                  </city>
                  <administrativeArea>
                    <gco:CharacterString>VA</gco:CharacterString>
                  </administrativeArea>
                  <postalCode>
                    <gco:CharacterString>20192</gco:CharacterString>
                  </postalCode>
                  <electronicMailAddress>
                    <gco:CharacterString>atlasmail@usgs.gov</gco:CharacterString>
                  </electronicMailAddress>
                </CI_Address>
              </address>
              <contactInstructions>
                <gco:CharacterString>For questions about this map layer or metadata, please contact the National Atlas using the information above, or through the U.S. Geological Survey contact page at http://www.usgs.gov/ask/. For distribution questions, please see the Distribution Information elsewhere in this metadata.</gco:CharacterString>
              </contactInstructions>
            </CI_Contact>
          </contactInfo>
          <role>
            <CI_RoleCode codeList="http://www.isotc211.org/2005/resources/Codelist/gmxCodelists.xml#CI_RoleCode" codeListValue="pointOfContact" codeSpace="ISOTC211/19115">pointOfContact</CI_RoleCode>
          </role>
        </CI_ResponsibleParty>
      </pointOfContact>
      <resourceMaintenance>
        <MD_MaintenanceInformation>
          <maintenanceAndUpdateFrequency>
            <MD_MaintenanceFrequencyCode codeList="http://www.isotc211.org/2005/resources/Codelist/gmxCodelists.xml#MD_MaintenanceFrequencyCode" codeListValue="irregular" codeSpace="ISOTC211/19115">irregular</MD_MaintenanceFrequencyCode>
          </maintenanceAndUpdateFrequency>
        </MD_MaintenanceInformation>
      </resourceMaintenance>
      <descriptiveKeywords>
        <MD_Keywords>
          <keyword>
            <gco:CharacterString>United States</gco:CharacterString>
          </keyword>
          <keyword>
            <gco:CharacterString>Alaska</gco:CharacterString>
          </keyword>
          <keyword>
            <gco:CharacterString>Alabama</gco:CharacterString>
          </keyword>
          <keyword>
            <gco:CharacterString>Arizona</gco:CharacterString>
          </keyword>
          <keyword>
            <gco:CharacterString>Arkansas</gco:CharacterString>
          </keyword>
          <keyword>
            <gco:CharacterString>Colorado</gco:CharacterString>
          </keyword>
          <keyword>
            <gco:CharacterString>Connecticut</gco:CharacterString>
          </keyword>
          <keyword>
            <gco:CharacterString>Delaware</gco:CharacterString>
          </keyword>
          <keyword>
            <gco:CharacterString>Florida</gco:CharacterString>
          </keyword>
          <keyword>
            <gco:CharacterString>Georgia</gco:CharacterString>
          </keyword>
          <keyword>
            <gco:CharacterString>Hawaii</gco:CharacterString>
          </keyword>
          <keyword>
            <gco:CharacterString>Idaho</gco:CharacterString>
          </keyword>
          <keyword>
            <gco:CharacterString>Illinois</gco:CharacterString>
          </keyword>
          <keyword>
            <gco:CharacterString>Indiana</gco:CharacterString>
          </keyword>
          <keyword>
            <gco:CharacterString>Iowa</gco:CharacterString>
          </keyword>
          <keyword>
            <gco:CharacterString>Kansas</gco:CharacterString>
          </keyword>
          <keyword>
            <gco:CharacterString>Kentucky</gco:CharacterString>
          </keyword>
          <keyword>
            <gco:CharacterString>Louisiana</gco:CharacterString>
          </keyword>
          <keyword>
            <gco:CharacterString>Maine</gco:CharacterString>
          </keyword>
          <keyword>
            <gco:CharacterString>Maryland</gco:CharacterString>
          </keyword>
          <keyword>
            <gco:CharacterString>Massachusetts</gco:CharacterString>
          </keyword>
          <keyword>
            <gco:CharacterString>Michigan</gco:CharacterString>
          </keyword>
          <keyword>
            <gco:CharacterString>Minnesota</gco:CharacterString>
          </keyword>
          <keyword>
            <gco:CharacterString>Mississippi</gco:CharacterString>
          </keyword>
          <keyword>
            <gco:CharacterString>Missouri</gco:CharacterString>
          </keyword>
          <keyword>
            <gco:CharacterString>Montana</gco:CharacterString>
          </keyword>
          <keyword>
            <gco:CharacterString>Nebraska</gco:CharacterString>
          </keyword>
          <keyword>
            <gco:CharacterString>Nevada</gco:CharacterString>
          </keyword>
          <keyword>
            <gco:CharacterString>New Hampshire</gco:CharacterString>
          </keyword>
          <keyword>
            <gco:CharacterString>New Jersey</gco:CharacterString>
          </keyword>
          <keyword>
            <gco:CharacterString>New Mexico</gco:CharacterString>
          </keyword>
          <keyword>
            <gco:CharacterString>New York (State)</gco:CharacterString>
          </keyword>
          <keyword>
            <gco:CharacterString>North Carolina</gco:CharacterString>
          </keyword>
          <keyword>
            <gco:CharacterString>North Dakota</gco:CharacterString>
          </keyword>
          <keyword>
            <gco:CharacterString>Ohio</gco:CharacterString>
          </keyword>
          <keyword>
            <gco:CharacterString>Oklahoma</gco:CharacterString>
          </keyword>
          <keyword>
            <gco:CharacterString>Oregon</gco:CharacterString>
          </keyword>
          <keyword>
            <gco:CharacterString>Pennsylvania</gco:CharacterString>
          </keyword>
          <keyword>
            <gco:CharacterString>Rhode Island</gco:CharacterString>
          </keyword>
          <keyword>
            <gco:CharacterString>South Carolina</gco:CharacterString>
          </keyword>
          <keyword>
            <gco:CharacterString>South Dakota</gco:CharacterString>
          </keyword>
          <keyword>
            <gco:CharacterString>Tennessee</gco:CharacterString>
          </keyword>
          <keyword>
            <gco:CharacterString>Texas</gco:CharacterString>
          </keyword>
          <keyword>
            <gco:CharacterString>Utah</gco:CharacterString>
          </keyword>
          <keyword>
            <gco:CharacterString>Vermont</gco:CharacterString>
          </keyword>
          <keyword>
            <gco:CharacterString>Virginia</gco:CharacterString>
          </keyword>
          <keyword>
            <gco:CharacterString>Washington (D.C.)</gco:CharacterString>
          </keyword>
          <keyword>
            <gco:CharacterString>Washington (State)</gco:CharacterString>
          </keyword>
          <keyword>
            <gco:CharacterString>West Virginia</gco:CharacterString>
          </keyword>
          <keyword>
            <gco:CharacterString>Wisconsin</gco:CharacterString>
          </keyword>
          <keyword>
            <gco:CharacterString>Wyoming</gco:CharacterString>
          </keyword>
          <keyword>
            <gco:CharacterString>Puerto Rico</gco:CharacterString>
          </keyword>
          <keyword>
            <gco:CharacterString>United States. Virgin Islands</gco:CharacterString>
          </keyword>
          <type>
            <MD_KeywordTypeCode codeList="http://www.isotc211.org/2005/resources/Codelist/gmxCodelists.xml#MD_KeywordTypeCode" codeListValue="place" codeSpace="ISOTC211/19115">place</MD_KeywordTypeCode>
          </type>
          <thesaurusName>
            <CI_Citation>
              <title>
                <gco:CharacterString>geonames</gco:CharacterString>
              </title>
              <date>
                <CI_Date>
                  <date>
                    <gco:Date>2012-11-01</gco:Date>
                  </date>
                  <dateType>
                    <CI_DateTypeCode codeList="http://www.isotc211.org/2005/resources/Codelist/gmxCodelists.xml#CI_DateTypeCode" codeListValue="revision" codeSpace="ISOTC211/19115">revision</CI_DateTypeCode>
                  </dateType>
                </CI_Date>
              </date>
              <identifier>
                <MD_Identifier>
                  <code>
                    <gco:CharacterString>http://www.geonames.org/ontology#</gco:CharacterString>
                  </code>
                </MD_Identifier>
              </identifier>
            </CI_Citation>
          </thesaurusName>
        </MD_Keywords>
      </descriptiveKeywords>
      <descriptiveKeywords>
        <MD_Keywords>
          <keyword>
            <gco:CharacterString>Cities and towns</gco:CharacterString>
          </keyword>
          <keyword>
            <gco:CharacterString>Administrative and political divisions</gco:CharacterString>
          </keyword>
          <keyword>
            <gco:CharacterString>Population</gco:CharacterString>
          </keyword>
          <type>
            <MD_KeywordTypeCode codeList="http://www.isotc211.org/2005/resources/Codelist/gmxCodelists.xml#MD_KeywordTypeCode" codeListValue="theme" codeSpace="ISOTC211/19115">theme</MD_KeywordTypeCode>
          </type>
          <thesaurusName>
            <CI_Citation>
              <title>
                <gco:CharacterString>lcsh</gco:CharacterString>
              </title>
              <date>
                <CI_Date>
                  <date>
                    <gco:Date>2011-04-26</gco:Date>
                  </date>
                  <dateType>
                    <CI_DateTypeCode codeList="http://www.isotc211.org/2005/resources/Codelist/gmxCodelists.xml#CI_DateTypeCode" codeListValue="revision" codeSpace="ISOTC211/19115">revision</CI_DateTypeCode>
                  </dateType>
                </CI_Date>
              </date>
              <identifier>
                <MD_Identifier>
                  <code>
                    <gco:CharacterString>http://id.loc.gov/authorities/subjects.html</gco:CharacterString>
                  </code>
                </MD_Identifier>
              </identifier>
            </CI_Citation>
          </thesaurusName>
        </MD_Keywords>
      </descriptiveKeywords>
      <descriptiveKeywords>
        <MD_Keywords>
          <keyword>
            <gco:CharacterString>Downloadable Data</gco:CharacterString>
          </keyword>
          <thesaurusName uuidref="723f6998-058e-11dc-8314-0800200c9a66"/>
        </MD_Keywords>
      </descriptiveKeywords>
      <resourceConstraints>
        <MD_Constraints>
          <useLimitation>
            <gco:CharacterString>None. Acknowledgment of The National Atlas of the United States of America would be appreciated in products derived from these data.</gco:CharacterString>
          </useLimitation>
        </MD_Constraints>
      </resourceConstraints>
      <resourceConstraints>
        <MD_LegalConstraints>
          <useLimitation>
            <gco:CharacterString>Although these data have been processed successfully on a computer system at the U.S. Geological Survey, no warranty expressed or implied is made by the U.S. Geological Survey regarding the utility of the data on any other system, nor shall the act of distribution constitute any such warranty. No responsibility is assumed by the U.S. Geological Survey in the use of these data.</gco:CharacterString>
          </useLimitation>
        </MD_LegalConstraints>
      </resourceConstraints>
      <aggregationInfo>
        <MD_AggregateInformation>
          <aggregateDataSetName>
            <CI_Citation>
              <title>
                <gco:CharacterString>National Atlas of the United States of America, 1997-2014</gco:CharacterString>
              </title>
              <date gco:nilReason="missing"/>
              <identifier>
                <MD_Identifier>
                  <code>
                    <gco:CharacterString>http://purl.stanford.edu/cv275yx9215</gco:CharacterString>
                  </code>
                </MD_Identifier>
              </identifier>
            </CI_Citation>
          </aggregateDataSetName>
          <associationType>
            <DS_AssociationTypeCode codeList="http://www.isotc211.org/2005/resources/Codelist/gmxCodelists.xml#DS_AssociationTypeCode" codeListValue="largerWorkCitation" codeSpace="ISOTC211/19115">largerWorkCitation</DS_AssociationTypeCode>
          </associationType>
          <initiativeType>
            <DS_InitiativeTypeCode codeList="http://www.isotc211.org/2005/resources/Codelist/gmxCodelists.xml#DS_InitiativeTypeCode" codeListValue="collection" codeSpace="ISOTC211/19115">collection</DS_InitiativeTypeCode>
          </initiativeType>
        </MD_AggregateInformation>
      </aggregationInfo>
      <spatialRepresentationType>
        <MD_SpatialRepresentationTypeCode codeList="http://www.isotc211.org/2005/resources/Codelist/gmxCodelists.xml#MD_SpatialRepresentationTypeCode" codeListValue="vector" codeSpace="ISOTC211/19115">vector</MD_SpatialRepresentationTypeCode>
      </spatialRepresentationType>
      <language>
        <LanguageCode codeList="http://www.loc.gov/standards/iso639-2/php/code_list.php" codeListValue="eng" codeSpace="ISO639-2">eng</LanguageCode>
      </language>
      <characterSet>
        <MD_CharacterSetCode codeList="http://www.isotc211.org/2005/resources/Codelist/gmxCodelists.xml#MD_CharacterSetCode" codeListValue="utf8" codeSpace="ISOTC211/19115">utf8</MD_CharacterSetCode>
      </characterSet>
      <topicCategory>
        <MD_TopicCategoryCode>location</MD_TopicCategoryCode>
      </topicCategory>
      <topicCategory>
        <MD_TopicCategoryCode>society</MD_TopicCategoryCode>
      </topicCategory>
      <environmentDescription>
        <gco:CharacterString>Microsoft Windows 7 Version 6.1 (Build 7601) Service Pack 1; Esri ArcGIS 10.3.1.4959</gco:CharacterString>
      </environmentDescription>
      <extent>
        <EX_Extent>
          <geographicElement>
            <EX_GeographicBoundingBox>
              <westBoundLongitude>
                <gco:Decimal>172</gco:Decimal>
              </westBoundLongitude>
              <eastBoundLongitude>
                <gco:Decimal>-64</gco:Decimal>
              </eastBoundLongitude>
              <southBoundLatitude>
                <gco:Decimal>17</gco:Decimal>
              </southBoundLatitude>
              <northBoundLatitude>
                <gco:Decimal>72</gco:Decimal>
              </northBoundLatitude>
            </EX_GeographicBoundingBox>
          </geographicElement>
        </EX_Extent>
      </extent>
      <extent>
        <EX_Extent>
          <description>
            <gco:CharacterString>Publication date</gco:CharacterString>
          </description>
          <temporalElement>
            <EX_TemporalExtent>
              <extent>
                <gml:TimeInstant gml:id="idp228368">
                  <gml:timePosition>2014-03-01T00:00:00</gml:timePosition>
                </gml:TimeInstant>
              </extent>
            </EX_TemporalExtent>
          </temporalElement>
        </EX_Extent>
      </extent>
      <extent>
        <EX_Extent>
          <geographicElement>
            <EX_GeographicBoundingBox>
              <extentTypeCode>
                <gco:Boolean>true</gco:Boolean>
              </extentTypeCode>
              <westBoundLongitude>
                <gco:Decimal>-176.658056</gco:Decimal>
              </westBoundLongitude>
              <eastBoundLongitude>
                <gco:Decimal>178.8775</gco:Decimal>
              </eastBoundLongitude>
              <southBoundLatitude>
                <gco:Decimal>17.712475</gco:Decimal>
              </southBoundLatitude>
              <northBoundLatitude>
                <gco:Decimal>71.290556</gco:Decimal>
              </northBoundLatitude>
            </EX_GeographicBoundingBox>
          </geographicElement>
        </EX_Extent>
      </extent>
      <supplementalInformation>
        <gco:CharacterString>Version 1 of this data set was produced from GNIS and Census data in 2012 but was not released. This data set replaces the earlier version.</gco:CharacterString>
      </supplementalInformation>
    </MD_DataIdentification>
  </identificationInfo>
  <contentInfo>
    <MD_FeatureCatalogueDescription>
      <complianceCode>
        <gco:Boolean>false</gco:Boolean>
      </complianceCode>
      <language>
        <LanguageCode codeList="http://www.loc.gov/standards/iso639-2/php/code_list.php" codeListValue="eng" codeSpace="ISO639-2">eng</LanguageCode>
      </language>
      <includedWithDataset>
        <gco:Boolean>true</gco:Boolean>
      </includedWithDataset>
      <featureCatalogueCitation>
        <CI_Citation>
          <title>
            <gco:CharacterString>Feature catalog for Cities and Towns of the United States, 2014</gco:CharacterString>
          </title>
          <date gco:nilReason="missing"/>
          <identifier>
            <MD_Identifier>
              <code>
                <gco:CharacterString>7d072496-a007-41f5-a0ee-e4810f54f986</gco:CharacterString>
              </code>
            </MD_Identifier>
          </identifier>
        </CI_Citation>
      </featureCatalogueCitation>
    </MD_FeatureCatalogueDescription>
  </contentInfo>
  <distributionInfo>
    <MD_Distribution>
      <distributionFormat>
        <MD_Format>
          <name>
            <gco:CharacterString>Shapefile</gco:CharacterString>
          </name>
          <version gco:nilReason="missing"/>
        </MD_Format>
      </distributionFormat>
      <distributor>
        <MD_Distributor>
          <distributorContact>
            <CI_ResponsibleParty>
              <organisationName>
                <gco:CharacterString>Stanford Geospatial Center</gco:CharacterString>
              </organisationName>
              <contactInfo>
                <CI_Contact>
                  <phone>
                    <CI_Telephone>
                      <voice>
                        <gco:CharacterString>650-723-2746</gco:CharacterString>
                      </voice>
                    </CI_Telephone>
                  </phone>
                  <address>
                    <CI_Address>
                      <deliveryPoint>
                        <gco:CharacterString>Branner Earth Sciences Library</gco:CharacterString>
                      </deliveryPoint>
                      <deliveryPoint>
                        <gco:CharacterString>Mitchell Building, 2nd Floor</gco:CharacterString>
                      </deliveryPoint>
                      <deliveryPoint>
                        <gco:CharacterString>397 Panama Mall</gco:CharacterString>
                      </deliveryPoint>
                      <city>
                        <gco:CharacterString>Stanford</gco:CharacterString>
                      </city>
                      <administrativeArea>
                        <gco:CharacterString>California</gco:CharacterString>
                      </administrativeArea>
                      <postalCode>
                        <gco:CharacterString>94305</gco:CharacterString>
                      </postalCode>
                      <electronicMailAddress>
                        <gco:CharacterString>brannerlibrary@stanford.edu</gco:CharacterString>
                      </electronicMailAddress>
                    </CI_Address>
                  </address>
                </CI_Contact>
              </contactInfo>
              <role>
                <CI_RoleCode codeList="http://www.isotc211.org/2005/resources/Codelist/gmxCodelists.xml#CI_RoleCode" codeListValue="distributor" codeSpace="ISOTC211/19115">distributor</CI_RoleCode>
              </role>
            </CI_ResponsibleParty>
          </distributorContact>
        </MD_Distributor>
      </distributor>
      <transferOptions>
        <MD_DigitalTransferOptions>
          <transferSize>
            <gco:Real>1.02</gco:Real>
          </transferSize>
          <onLine>
            <CI_OnlineResource>
              <linkage>
                <URL>http://purl.stanford.edu/bx729wr3020</URL>
              </linkage>
              <protocol>
                <gco:CharacterString>http</gco:CharacterString>
              </protocol>
              <name>
                <gco:CharacterString>citiesx010g.shp</gco:CharacterString>
              </name>
              <function>
                <CI_OnLineFunctionCode codeList="http://www.isotc211.org/2005/resources/Codelist/gmxCodelists.xml#CI_OnLineFunctionCode" codeListValue="download" codeSpace="ISOTC211/19115">download</CI_OnLineFunctionCode>
              </function>
            </CI_OnlineResource>
          </onLine>
        </MD_DigitalTransferOptions>
      </transferOptions>
    </MD_Distribution>
  </distributionInfo>
  <dataQualityInfo>
    <DQ_DataQuality>
      <scope>
        <DQ_Scope>
          <level>
            <MD_ScopeCode codeList="http://www.isotc211.org/2005/resources/Codelist/gmxCodelists.xml#MD_ScopeCode" codeListValue="dataset" codeSpace="ISOTC211/19115">dataset</MD_ScopeCode>
          </level>
        </DQ_Scope>
      </scope>
      <report>
        <DQ_TopologicalConsistency>
          <evaluationMethodDescription>
            <gco:CharacterString>The map layer was checked for topological consistency using ArcGIS. No other checks for logical consistency were performed on this map layer.</gco:CharacterString>
          </evaluationMethodDescription>
          <result gco:nilReason="missing"/>
        </DQ_TopologicalConsistency>
      </report>
      <report>
        <DQ_ConceptualConsistency>
          <measureDescription>
            <gco:CharacterString>The map layer was checked for topological consistency using ArcGIS. No other checks for logical consistency were performed on this map layer.</gco:CharacterString>
          </measureDescription>
          <result gco:nilReason="missing"/>
        </DQ_ConceptualConsistency>
      </report>
      <report>
        <DQ_CompletenessOmission>
          <measureDescription>
            <gco:CharacterString>This map layer includes cities and towns in the 50 United States, the District of Columbia, Puerto Rico, and the U.S. Virgin Islands.</gco:CharacterString>
          </measureDescription>
          <result gco:nilReason="missing"/>
        </DQ_CompletenessOmission>
      </report>
      <lineage>
        <LI_Lineage>
          <processStep>
            <LI_ProcessStep>
              <description>
                <gco:CharacterString>City and town names from GNIS were modified to remove the feature type from the name; the resulting name was used for all features taken from GNIS. For features that came from 2010Census_Gazetteer, the Census name was used. Remaining names were taken from the State base maps, topographic maps, or State highway maps. Name discrepancies were sent to the GNIS and were resolved by their personnel. Some features are included in GNIS both as "populated places" and as "census" or "civil" feature types. Duplicate features were identified and the "populated places" were deleted from the data. Population data were added to the file from 2010Census_Gazetteer. A final quality-control review was done and some city locations and names were adjusted based on information from State Base Maps 1:500K, USA Topo Maps Map Service 100K, and Official State Highway Maps.</gco:CharacterString>
              </description>
              <dateTime>
                <gco:DateTime>2014-01-01T00:00:00</gco:DateTime>
              </dateTime>
              <source>
                <LI_Source>
                  <sourceCitation>
                    <CI_Citation>
                      <title gco:nilReason="missing"/>
                      <alternateTitle>
                        <gco:CharacterString>GNIS</gco:CharacterString>
                      </alternateTitle>
                      <date gco:nilReason="missing"/>
                    </CI_Citation>
                  </sourceCitation>
                </LI_Source>
              </source>
              <source>
                <LI_Source>
                  <sourceCitation>
                    <CI_Citation>
                      <title gco:nilReason="missing"/>
                      <alternateTitle>
                        <gco:CharacterString>2010Census_Gazetteer</gco:CharacterString>
                      </alternateTitle>
                      <date gco:nilReason="missing"/>
                    </CI_Citation>
                  </sourceCitation>
                </LI_Source>
              </source>
              <source>
                <LI_Source>
                  <sourceCitation>
                    <CI_Citation>
                      <title gco:nilReason="missing"/>
                      <alternateTitle>
                        <gco:CharacterString>Official State Highway Maps</gco:CharacterString>
                      </alternateTitle>
                      <date gco:nilReason="missing"/>
                    </CI_Citation>
                  </sourceCitation>
                </LI_Source>
              </source>
              <source>
                <LI_Source>
                  <sourceCitation>
                    <CI_Citation>
                      <title gco:nilReason="missing"/>
                      <alternateTitle>
                        <gco:CharacterString>USA Topo Maps Map Service 100K</gco:CharacterString>
                      </alternateTitle>
                      <date gco:nilReason="missing"/>
                    </CI_Citation>
                  </sourceCitation>
                </LI_Source>
              </source>
              <source>
                <LI_Source>
                  <sourceCitation>
                    <CI_Citation>
                      <title gco:nilReason="missing"/>
                      <alternateTitle>
                        <gco:CharacterString>State Base Maps 1:500K</gco:CharacterString>
                      </alternateTitle>
                      <date gco:nilReason="missing"/>
                    </CI_Citation>
                  </sourceCitation>
                </LI_Source>
              </source>
            </LI_ProcessStep>
          </processStep>
          <processStep>
            <LI_ProcessStep>
              <description>
                <gco:CharacterString>The data sets were all loaded into ArcGIS. The GNIS data are considered the most authoritative source, and the Census data are considered the next most authoritative source. The 2M_Cities and GNIS data were compared. Cities that were included in both sources were identified and added to the data set, using the location from GNIS. The 2010Census_Gazetteer and GNIS data were compared. Cities that were included in both sources were identified and added to the data set, using the location from GNIS. The 2010Census_Gazetteer and 2M_Cities data were compared. Cities that were included in both sources but that were not in GNIS were added to the data set, using the location from 2010Census_Gazetteer. The result was a file that included all the cities and towns from 2010Census_Gazetteer, as well as some other cities and towns. If there was a GNIS position available, that was used; if no GNIS position was available the Census position was used. Attribute fields were updated as necessary. The attribute GNIS_ID was added from GNIS to identify all populated places and any other cities or towns that were in GNIS. The attribute ANSICODE was added to all cities or towns that were in the 2010Census_Gazetteer; included are most of the cities designated as "census" or "civil" in GNIS. There are some "census" and "civil" points in GNIS that are not in 2010Census_Gazetteer; for these locations the ANSICODE was set to -999. Locations that came from sources other than GNIS or 2010Census_Gazetteer have a value of -999 for both GNIS_ID and ANSICODE. Some elevation values were added from topographic map sources.</gco:CharacterString>
              </description>
              <dateTime>
                <gco:DateTime>2014-01-01T00:00:00</gco:DateTime>
              </dateTime>
              <source>
                <LI_Source>
                  <sourceCitation>
                    <CI_Citation>
                      <title gco:nilReason="missing"/>
                      <alternateTitle>
                        <gco:CharacterString>GNIS</gco:CharacterString>
                      </alternateTitle>
                      <date gco:nilReason="missing"/>
                    </CI_Citation>
                  </sourceCitation>
                </LI_Source>
              </source>
              <source>
                <LI_Source>
                  <sourceCitation>
                    <CI_Citation>
                      <title gco:nilReason="missing"/>
                      <alternateTitle>
                        <gco:CharacterString>2010Census_Gazetteer</gco:CharacterString>
                      </alternateTitle>
                      <date gco:nilReason="missing"/>
                    </CI_Citation>
                  </sourceCitation>
                </LI_Source>
              </source>
              <source>
                <LI_Source>
                  <sourceCitation>
                    <CI_Citation>
                      <title gco:nilReason="missing"/>
                      <alternateTitle>
                        <gco:CharacterString>2M_Cities</gco:CharacterString>
                      </alternateTitle>
                      <date gco:nilReason="missing"/>
                    </CI_Citation>
                  </sourceCitation>
                </LI_Source>
              </source>
              <source>
                <LI_Source>
                  <sourceCitation>
                    <CI_Citation>
                      <title gco:nilReason="missing"/>
                      <alternateTitle>
                        <gco:CharacterString>Paper Topo Maps 1:24K</gco:CharacterString>
                      </alternateTitle>
                      <date gco:nilReason="missing"/>
                    </CI_Citation>
                  </sourceCitation>
                </LI_Source>
              </source>
            </LI_ProcessStep>
          </processStep>
          <source>
            <LI_Source>
              <description>
                <gco:CharacterString>Spatial and attribute information</gco:CharacterString>
              </description>
              <sourceCitation>
                <CI_Citation>
                  <title>
                    <gco:CharacterString>Cities and Towns of the United States</gco:CharacterString>
                  </title>
                  <alternateTitle>
                    <gco:CharacterString>2M_Cities</gco:CharacterString>
                  </alternateTitle>
                  <date>
                    <CI_Date>
                      <date>
                        <gco:Date>2004-02-01</gco:Date>
                      </date>
                      <dateType>
                        <CI_DateTypeCode codeList="http://www.isotc211.org/2005/resources/Codelist/gmxCodelists.xml#CI_DateTypeCode" codeListValue="publication" codeSpace="ISOTC211/19115">publication</CI_DateTypeCode>
                      </dateType>
                    </CI_Date>
                  </date>
                  <citedResponsibleParty>
                    <CI_ResponsibleParty>
                      <organisationName>
                        <gco:CharacterString>National Atlas of the United States</gco:CharacterString>
                      </organisationName>
                      <role>
                        <CI_RoleCode codeList="http://www.isotc211.org/2005/resources/Codelist/gmxCodelists.xml#CI_RoleCode" codeListValue="originator" codeSpace="ISOTC211/19115">originator</CI_RoleCode>
                      </role>
                    </CI_ResponsibleParty>
                  </citedResponsibleParty>
                  <citedResponsibleParty>
                    <CI_ResponsibleParty>
                      <organisationName>
                        <gco:CharacterString>National Atlas of the United States</gco:CharacterString>
                      </organisationName>
                      <contactInfo>
                        <CI_Contact>
                          <address>
                            <CI_Address>
                              <deliveryPoint>
                                <gco:CharacterString>Reston, VA</gco:CharacterString>
                              </deliveryPoint>
                            </CI_Address>
                          </address>
                        </CI_Contact>
                      </contactInfo>
                      <role>
                        <CI_RoleCode codeList="http://www.isotc211.org/2005/resources/Codelist/gmxCodelists.xml#CI_RoleCode" codeListValue="publisher" codeSpace="ISOTC211/19115">publisher</CI_RoleCode>
                      </role>
                    </CI_ResponsibleParty>
                  </citedResponsibleParty>
                </CI_Citation>
              </sourceCitation>
              <sourceExtent>
                <EX_Extent>
                  <description>
                    <gco:CharacterString>Ground condition</gco:CharacterString>
                  </description>
                  <temporalElement>
                    <EX_TemporalExtent>
                      <extent>
                        <gml:TimePeriod gml:id="idp246144">
                          <gml:beginPosition>1972-01-01</gml:beginPosition>
                          <gml:endPosition>2004-01-01</gml:endPosition>
                        </gml:TimePeriod>
                      </extent>
                    </EX_TemporalExtent>
                  </temporalElement>
                </EX_Extent>
              </sourceExtent>
            </LI_Source>
          </source>
          <source>
            <LI_Source>
              <description>
                <gco:CharacterString>Spatial and attribute information.</gco:CharacterString>
              </description>
              <sourceCitation>
                <CI_Citation>
                  <title>
                    <gco:CharacterString>(variable) Official State Highway Maps</gco:CharacterString>
                  </title>
                  <alternateTitle>
                    <gco:CharacterString>Official State Highway Maps</gco:CharacterString>
                  </alternateTitle>
                  <date gco:nilReason="missing"/>
                  <citedResponsibleParty>
                    <CI_ResponsibleParty>
                      <organisationName>
                        <gco:CharacterString>State Transportation Departments</gco:CharacterString>
                      </organisationName>
                      <role>
                        <CI_RoleCode codeList="http://www.isotc211.org/2005/resources/Codelist/gmxCodelists.xml#CI_RoleCode" codeListValue="originator" codeSpace="ISOTC211/19115">originator</CI_RoleCode>
                      </role>
                    </CI_ResponsibleParty>
                  </citedResponsibleParty>
                </CI_Citation>
              </sourceCitation>
              <sourceExtent>
                <EX_Extent>
                  <description>
                    <gco:CharacterString>Publication date</gco:CharacterString>
                  </description>
                  <temporalElement>
                    <EX_TemporalExtent>
                      <extent>
                        <gml:TimeInstant gml:id="idp250544">
                          <gml:timePosition indeterminatePosition="unknown"/>
                        </gml:TimeInstant>
                      </extent>
                    </EX_TemporalExtent>
                  </temporalElement>
                </EX_Extent>
              </sourceExtent>
            </LI_Source>
          </source>
          <source>
            <LI_Source>
              <description>
                <gco:CharacterString>Spatial and attribute information</gco:CharacterString>
              </description>
              <sourceCitation>
                <CI_Citation>
                  <title>
                    <gco:CharacterString>U.S. Census Bureau National Places Gazetteer Files</gco:CharacterString>
                  </title>
                  <alternateTitle>
                    <gco:CharacterString>2010Census_Gazetteer</gco:CharacterString>
                  </alternateTitle>
                  <date>
                    <CI_Date>
                      <date>
                        <gco:Date>2012-01-01</gco:Date>
                      </date>
                      <dateType>
                        <CI_DateTypeCode codeList="http://www.isotc211.org/2005/resources/Codelist/gmxCodelists.xml#CI_DateTypeCode" codeListValue="publication" codeSpace="ISOTC211/19115">publication</CI_DateTypeCode>
                      </dateType>
                    </CI_Date>
                  </date>
                  <citedResponsibleParty>
                    <CI_ResponsibleParty>
                      <organisationName>
                        <gco:CharacterString>United States Census Bureau, U.S. Department of Commerce Research and Innovative Technology Administration, Bureau of Transportation Statistics (RITA/BTS)</gco:CharacterString>
                      </organisationName>
                      <contactInfo>
                        <CI_Contact>
                          <address>
                            <CI_Address>
                              <deliveryPoint>
                                <gco:CharacterString>Washington, DC</gco:CharacterString>
                              </deliveryPoint>
                            </CI_Address>
                          </address>
                        </CI_Contact>
                      </contactInfo>
                      <role>
                        <CI_RoleCode codeList="http://www.isotc211.org/2005/resources/Codelist/gmxCodelists.xml#CI_RoleCode" codeListValue="publisher" codeSpace="ISOTC211/19115">publisher</CI_RoleCode>
                      </role>
                    </CI_ResponsibleParty>
                  </citedResponsibleParty>
                  <citedResponsibleParty>
                    <CI_ResponsibleParty>
                      <organisationName>
                        <gco:CharacterString>United States Census Bureau</gco:CharacterString>
                      </organisationName>
                      <role>
                        <CI_RoleCode codeList="http://www.isotc211.org/2005/resources/Codelist/gmxCodelists.xml#CI_RoleCode" codeListValue="originator" codeSpace="ISOTC211/19115">originator</CI_RoleCode>
                      </role>
                    </CI_ResponsibleParty>
                  </citedResponsibleParty>
                </CI_Citation>
              </sourceCitation>
              <sourceExtent>
                <EX_Extent>
                  <description>
                    <gco:CharacterString>Ground condition</gco:CharacterString>
                  </description>
                  <temporalElement>
                    <EX_TemporalExtent>
                      <extent>
                        <gml:TimeInstant gml:id="idp256688">
                          <gml:timePosition>2010-01-01</gml:timePosition>
                        </gml:TimeInstant>
                      </extent>
                    </EX_TemporalExtent>
                  </temporalElement>
                </EX_Extent>
              </sourceExtent>
            </LI_Source>
          </source>
          <source>
            <LI_Source>
              <description>
                <gco:CharacterString>Spatial and attribute information.</gco:CharacterString>
              </description>
              <scaleDenominator>
                <MD_RepresentativeFraction>
                  <denominator>
                    <gco:Integer>24000</gco:Integer>
                  </denominator>
                </MD_RepresentativeFraction>
              </scaleDenominator>
              <sourceCitation>
                <CI_Citation>
                  <title>
                    <gco:CharacterString>1:24,000-Scale Topographic Map Series</gco:CharacterString>
                  </title>
                  <alternateTitle>
                    <gco:CharacterString>Paper Topo Maps 1:24K</gco:CharacterString>
                  </alternateTitle>
                  <date gco:nilReason="missing"/>
                  <citedResponsibleParty>
                    <CI_ResponsibleParty>
                      <organisationName>
                        <gco:CharacterString>U.S. Geological Survey</gco:CharacterString>
                      </organisationName>
                      <role>
                        <CI_RoleCode codeList="http://www.isotc211.org/2005/resources/Codelist/gmxCodelists.xml#CI_RoleCode" codeListValue="originator" codeSpace="ISOTC211/19115">originator</CI_RoleCode>
                      </role>
                    </CI_ResponsibleParty>
                  </citedResponsibleParty>
                </CI_Citation>
              </sourceCitation>
              <sourceExtent>
                <EX_Extent>
                  <description>
                    <gco:CharacterString>Publication date</gco:CharacterString>
                  </description>
                  <temporalElement>
                    <EX_TemporalExtent>
                      <extent>
                        <gml:TimeInstant gml:id="idp261120">
                          <gml:timePosition indeterminatePosition="unknown"/>
                        </gml:TimeInstant>
                      </extent>
                    </EX_TemporalExtent>
                  </temporalElement>
                </EX_Extent>
              </sourceExtent>
            </LI_Source>
          </source>
          <source>
            <LI_Source>
              <description>
                <gco:CharacterString>Spatial and attribute information.</gco:CharacterString>
              </description>
              <scaleDenominator>
                <MD_RepresentativeFraction>
                  <denominator>
                    <gco:Integer>100000</gco:Integer>
                  </denominator>
                </MD_RepresentativeFraction>
              </scaleDenominator>
              <sourceCitation>
                <CI_Citation>
                  <title>
                    <gco:CharacterString>ESRI USA Topo Maps Map Service</gco:CharacterString>
                  </title>
                  <alternateTitle>
                    <gco:CharacterString>USA Topo Maps Map Service 100K</gco:CharacterString>
                  </alternateTitle>
                  <date>
                    <CI_Date>
                      <date>
                        <gco:Date>2009-01-01</gco:Date>
                      </date>
                      <dateType>
                        <CI_DateTypeCode codeList="http://www.isotc211.org/2005/resources/Codelist/gmxCodelists.xml#CI_DateTypeCode" codeListValue="publication" codeSpace="ISOTC211/19115">publication</CI_DateTypeCode>
                      </dateType>
                    </CI_Date>
                  </date>
                  <citedResponsibleParty>
                    <CI_ResponsibleParty>
                      <organisationName>
                        <gco:CharacterString>Environmental Systems Research Institute - ESRI</gco:CharacterString>
                      </organisationName>
                      <role>
                        <CI_RoleCode codeList="http://www.isotc211.org/2005/resources/Codelist/gmxCodelists.xml#CI_RoleCode" codeListValue="originator" codeSpace="ISOTC211/19115">originator</CI_RoleCode>
                      </role>
                    </CI_ResponsibleParty>
                  </citedResponsibleParty>
                  <presentationForm>
                    <CI_PresentationFormCode codeList="http://www.isotc211.org/2005/resources/Codelist/gmxCodelists.xml#CI_PresentationFormCode" codeListValue="mapDigital" codeSpace="ISOTC211/19115">mapDigital</CI_PresentationFormCode>
                  </presentationForm>
                </CI_Citation>
              </sourceCitation>
              <sourceExtent>
                <EX_Extent>
                  <description>
                    <gco:CharacterString>Publication date</gco:CharacterString>
                  </description>
                  <temporalElement>
                    <EX_TemporalExtent>
                      <extent>
                        <gml:TimeInstant gml:id="idp266976">
                          <gml:timePosition>2009-01-01</gml:timePosition>
                        </gml:TimeInstant>
                      </extent>
                    </EX_TemporalExtent>
                  </temporalElement>
                </EX_Extent>
              </sourceExtent>
            </LI_Source>
          </source>
          <source>
            <LI_Source>
              <description>
                <gco:CharacterString>Spatial and attribute information.</gco:CharacterString>
              </description>
              <scaleDenominator>
                <MD_RepresentativeFraction>
                  <denominator>
                    <gco:Integer>500000</gco:Integer>
                  </denominator>
                </MD_RepresentativeFraction>
              </scaleDenominator>
              <sourceCitation>
                <CI_Citation>
                  <title>
                    <gco:CharacterString>1:500,000-Scale State Base Map Series</gco:CharacterString>
                  </title>
                  <alternateTitle>
                    <gco:CharacterString>State Base Maps 1:500K</gco:CharacterString>
                  </alternateTitle>
                  <date gco:nilReason="missing"/>
                  <citedResponsibleParty>
                    <CI_ResponsibleParty>
                      <organisationName>
                        <gco:CharacterString>U.S. Geological Survey</gco:CharacterString>
                      </organisationName>
                      <role>
                        <CI_RoleCode codeList="http://www.isotc211.org/2005/resources/Codelist/gmxCodelists.xml#CI_RoleCode" codeListValue="originator" codeSpace="ISOTC211/19115">originator</CI_RoleCode>
                      </role>
                    </CI_ResponsibleParty>
                  </citedResponsibleParty>
                </CI_Citation>
              </sourceCitation>
              <sourceExtent>
                <EX_Extent>
                  <description>
                    <gco:CharacterString>Publication date</gco:CharacterString>
                  </description>
                  <temporalElement>
                    <EX_TemporalExtent>
                      <extent>
                        <gml:TimeInstant gml:id="idp271408">
                          <gml:timePosition indeterminatePosition="unknown"/>
                        </gml:TimeInstant>
                      </extent>
                    </EX_TemporalExtent>
                  </temporalElement>
                </EX_Extent>
              </sourceExtent>
            </LI_Source>
          </source>
          <source>
            <LI_Source>
              <description>
                <gco:CharacterString>Spatial and attribute information</gco:CharacterString>
              </description>
              <sourceCitation>
                <CI_Citation>
                  <title>
                    <gco:CharacterString>Geographic Names Information System, State Files with Federal Codes - NationalFedCodes20121204.zip</gco:CharacterString>
                  </title>
                  <alternateTitle>
                    <gco:CharacterString>GNIS</gco:CharacterString>
                  </alternateTitle>
                  <date>
                    <CI_Date>
                      <date>
                        <gco:Date>2012-12-04</gco:Date>
                      </date>
                      <dateType>
                        <CI_DateTypeCode codeList="http://www.isotc211.org/2005/resources/Codelist/gmxCodelists.xml#CI_DateTypeCode" codeListValue="publication" codeSpace="ISOTC211/19115">publication</CI_DateTypeCode>
                      </dateType>
                    </CI_Date>
                  </date>
                  <citedResponsibleParty>
                    <CI_ResponsibleParty>
                      <organisationName>
                        <gco:CharacterString>U.S. Geological Survey</gco:CharacterString>
                      </organisationName>
                      <contactInfo>
                        <CI_Contact>
                          <address>
                            <CI_Address>
                              <deliveryPoint>
                                <gco:CharacterString>Reston, VA</gco:CharacterString>
                              </deliveryPoint>
                            </CI_Address>
                          </address>
                        </CI_Contact>
                      </contactInfo>
                      <role>
                        <CI_RoleCode codeList="http://www.isotc211.org/2005/resources/Codelist/gmxCodelists.xml#CI_RoleCode" codeListValue="publisher" codeSpace="ISOTC211/19115">publisher</CI_RoleCode>
                      </role>
                    </CI_ResponsibleParty>
                  </citedResponsibleParty>
                  <citedResponsibleParty>
                    <CI_ResponsibleParty>
                      <organisationName>
                        <gco:CharacterString>U.S. Geological Survey</gco:CharacterString>
                      </organisationName>
                      <role>
                        <CI_RoleCode codeList="http://www.isotc211.org/2005/resources/Codelist/gmxCodelists.xml#CI_RoleCode" codeListValue="originator" codeSpace="ISOTC211/19115">originator</CI_RoleCode>
                      </role>
                    </CI_ResponsibleParty>
                  </citedResponsibleParty>
                </CI_Citation>
              </sourceCitation>
              <sourceExtent>
                <EX_Extent>
                  <description>
                    <gco:CharacterString>Publication date</gco:CharacterString>
                  </description>
                  <temporalElement>
                    <EX_TemporalExtent>
                      <extent>
                        <gml:TimeInstant gml:id="idp277408">
                          <gml:timePosition>2012-01-01</gml:timePosition>
                        </gml:TimeInstant>
                      </extent>
                    </EX_TemporalExtent>
                  </temporalElement>
                </EX_Extent>
              </sourceExtent>
            </LI_Source>
          </source>
        </LI_Lineage>
      </lineage>
    </DQ_DataQuality>
  </dataQualityInfo>
  <metadataConstraints>
    <MD_SecurityConstraints>
      <classification>
        <MD_ClassificationCode codeList="http://www.isotc211.org/2005/resources/Codelist/gmxCodelists.xml#MD_ClassificationCode" codeListValue="unclassified" codeSpace="ISOTC211/19115">unclassified</MD_ClassificationCode>
      </classification>
      <classificationSystem>
        <gco:CharacterString>None</gco:CharacterString>
      </classificationSystem>
      <handlingDescription>
        <gco:CharacterString>None</gco:CharacterString>
      </handlingDescription>
    </MD_SecurityConstraints>
  </metadataConstraints>
</MD_Metadata>
