<?xml version="1.0" encoding="utf-8"?>
<gfc:FC_FeatureCatalogue xmlns:xsi="http://www.w3.org/2001/XMLSchema-instance" xmlns:gco="http://www.isotc211.org/2005/gco" xmlns:gfc="http://www.isotc211.org/2005/gfc" xmlns:gmd="http://www.isotc211.org/2005/gmd" xmlns:gmx="http://www.isotc211.org/2005/gmx" xmlns:gml="http://www.opengis.net/gml/3.2" xmlns:xlink="http://www.w3.org/1999/xlink" xmlns="http://www.isotc211.org/2005/gfc" xsi:schemaLocation="http://www.isotc211.org/2005/gfc http://www.isotc211.org/2005/gfc/gfc.xsd" uuid="7d072496-a007-41f5-a0ee-e4810f54f986">
  <gmx:name>
    <gco:CharacterString>Feature catalog for Cities and Towns of the United States, 2014</gco:CharacterString>
  </gmx:name>
  <gmx:scope>
    <gco:CharacterString>Cities and towns; Administrative and political divisions; Population</gco:CharacterString>
  </gmx:scope>
  <gmx:versionNumber gco:nilReason="unknown"/>
  <gmx:versionDate>
    <gco:Date>2014</gco:Date>
  </gmx:versionDate>
  <gmx:language>
    <gco:CharacterString>eng; US</gco:CharacterString>
  </gmx:language>
  <gmx:characterSet>
    <gmd:MD_CharacterSetCode codeList="http://www.isotc211.org/2005/resources/Codelist/gmxCodelists.xml#MD_CharacterSetCode" codeListValue="utf8" codeSpace="ISOTC211/19115"/>
  </gmx:characterSet>
  <gfc:featureType>
    <gfc:FC_FeatureType>
      <gfc:typeName>
        <gco:LocalName>citiesx010g</gco:LocalName>
      </gfc:typeName>
      <gfc:definition>
        <gco:CharacterString>A city or town in the United States, Puerto Rico, or the U.S. Virgin Islands. A city or town is a place with a recorded population, usually with at least one central area that provides commercial activities. Cities are generally larger than towns; no distinction is made between cities and towns in this map layer.</gco:CharacterString>
      </gfc:definition>
      <gfc:isAbstract>
        <gco:Boolean>false</gco:Boolean>
      </gfc:isAbstract>
      <gfc:featureCatalogue uuidref="7d072496-a007-41f5-a0ee-e4810f54f986"/>
      <gfc:carrierOfCharacteristics>
        <gfc:FC_FeatureAttribute>
          <gfc:memberName>
            <gco:LocalName>FID</gco:LocalName>
          </gfc:memberName>
          <gfc:definition>
            <gco:CharacterString>Internal feature number.</gco:CharacterString>
          </gfc:definition>
          <gfc:cardinality gco:nilReason="unknown"/>
          <gfc:definitionReference>
            <gfc:FC_DefinitionReference>
              <gfc:definitionSource>
                <gfc:FC_DefinitionSource>
                  <gfc:source>
                    <gmd:CI_Citation>
                      <gmd:title>
                        <gco:CharacterString>Esri</gco:CharacterString>
                      </gmd:title>
                      <gmd:date gco:nilReason="unknown"/>
                      <gmd:citedResponsibleParty>
                        <gmd:CI_ResponsibleParty>
                          <gmd:organisationName>
                            <gco:CharacterString>Esri</gco:CharacterString>
                          </gmd:organisationName>
                          <gmd:role>
                            <gmd:CI_RoleCode codeList="http://www.isotc211.org/2005/resources/Codelist/gmxCodelists.xml#CI_RoleCode" codeListValue="resourceProvider" codeSpace="001"/>
                          </gmd:role>
                        </gmd:CI_ResponsibleParty>
                      </gmd:citedResponsibleParty>
                    </gmd:CI_Citation>
                  </gfc:source>
                </gfc:FC_DefinitionSource>
              </gfc:definitionSource>
            </gfc:FC_DefinitionReference>
          </gfc:definitionReference>
          <gfc:valueType>
            <gco:TypeName>
              <gco:aName>
                <gco:CharacterString>OID</gco:CharacterString>
              </gco:aName>
            </gco:TypeName>
          </gfc:valueType>
        </gfc:FC_FeatureAttribute>
      </gfc:carrierOfCharacteristics>
      <gfc:carrierOfCharacteristics>
        <gfc:FC_FeatureAttribute>
          <gfc:memberName>
            <gco:LocalName>Shape</gco:LocalName>
          </gfc:memberName>
          <gfc:definition>
            <gco:CharacterString>The representation of the entity in the data.</gco:CharacterString>
          </gfc:definition>
          <gfc:cardinality gco:nilReason="unknown"/>
          <gfc:definitionReference>
            <gfc:FC_DefinitionReference>
              <gfc:definitionSource>
                <gfc:FC_DefinitionSource>
                  <gfc:source>
                    <gmd:CI_Citation>
                      <gmd:title>
                        <gco:CharacterString>National Atlas of the United States</gco:CharacterString>
                      </gmd:title>
                      <gmd:date gco:nilReason="unknown"/>
                      <gmd:citedResponsibleParty>
                        <gmd:CI_ResponsibleParty>
                          <gmd:organisationName>
                            <gco:CharacterString>National Atlas of the United States</gco:CharacterString>
                          </gmd:organisationName>
                          <gmd:role>
                            <gmd:CI_RoleCode codeList="http://www.isotc211.org/2005/resources/Codelist/gmxCodelists.xml#CI_RoleCode" codeListValue="resourceProvider" codeSpace="001"/>
                          </gmd:role>
                        </gmd:CI_ResponsibleParty>
                      </gmd:citedResponsibleParty>
                    </gmd:CI_Citation>
                  </gfc:source>
                </gfc:FC_DefinitionSource>
              </gfc:definitionSource>
            </gfc:FC_DefinitionReference>
          </gfc:definitionReference>
          <gfc:valueType>
            <gco:TypeName>
              <gco:aName>
                <gco:CharacterString>Geometry</gco:CharacterString>
              </gco:aName>
            </gco:TypeName>
          </gfc:valueType>
          <gfc:listedValue>
            <gfc:FC_ListedValue>
              <gfc:label>
                <gco:CharacterString>Point</gco:CharacterString>
              </gfc:label>
              <gfc:definition>
                <gco:CharacterString>0-dimensional element</gco:CharacterString>
              </gfc:definition>
              <gfc:definitionReference>
                <gfc:FC_DefinitionReference>
                  <gfc:definitionSource>
                    <gfc:FC_DefinitionSource>
                      <gfc:source>
                        <gmd:CI_Citation>
                          <gmd:title>
                            <gco:CharacterString>ESRI GIS software</gco:CharacterString>
                          </gmd:title>
                          <gmd:date gco:nilReason="unknown"/>
                          <gmd:citedResponsibleParty>
                            <gmd:CI_ResponsibleParty>
                              <gmd:organisationName>
                                <gco:CharacterString>ESRI GIS software</gco:CharacterString>
                              </gmd:organisationName>
                              <gmd:role>
                                <gmd:CI_RoleCode codeList="http://www.isotc211.org/2005/resources/Codelist/gmxCodelists.xml#CI_RoleCode" codeListValue="resourceProvider" codeSpace="001"/>
                              </gmd:role>
                            </gmd:CI_ResponsibleParty>
                          </gmd:citedResponsibleParty>
                        </gmd:CI_Citation>
                      </gfc:source>
                    </gfc:FC_DefinitionSource>
                  </gfc:definitionSource>
                </gfc:FC_DefinitionReference>
              </gfc:definitionReference>
            </gfc:FC_ListedValue>
          </gfc:listedValue>
        </gfc:FC_FeatureAttribute>
      </gfc:carrierOfCharacteristics>
      <gfc:carrierOfCharacteristics>
        <gfc:FC_FeatureAttribute>
          <gfc:memberName>
            <gco:LocalName>Gnis_id</gco:LocalName>
          </gfc:memberName>
          <gfc:definition>
            <gco:CharacterString>A unique identification number assigned by the Geographic Names Information System (GNIS). This number can be used to link places in this data set with GNIS.</gco:CharacterString>
          </gfc:definition>
          <gfc:cardinality gco:nilReason="unknown"/>
          <gfc:definitionReference>
            <gfc:FC_DefinitionReference>
              <gfc:definitionSource>
                <gfc:FC_DefinitionSource>
                  <gfc:source>
                    <gmd:CI_Citation>
                      <gmd:title>
                        <gco:CharacterString>National Atlas of the United States</gco:CharacterString>
                      </gmd:title>
                      <gmd:date gco:nilReason="unknown"/>
                      <gmd:citedResponsibleParty>
                        <gmd:CI_ResponsibleParty>
                          <gmd:organisationName>
                            <gco:CharacterString>National Atlas of the United States</gco:CharacterString>
                          </gmd:organisationName>
                          <gmd:role>
                            <gmd:CI_RoleCode codeList="http://www.isotc211.org/2005/resources/Codelist/gmxCodelists.xml#CI_RoleCode" codeListValue="resourceProvider" codeSpace="001"/>
                          </gmd:role>
                        </gmd:CI_ResponsibleParty>
                      </gmd:citedResponsibleParty>
                    </gmd:CI_Citation>
                  </gfc:source>
                </gfc:FC_DefinitionSource>
              </gfc:definitionSource>
            </gfc:FC_DefinitionReference>
          </gfc:definitionReference>
          <gfc:valueType>
            <gco:TypeName>
              <gco:aName>
                <gco:CharacterString>Double</gco:CharacterString>
              </gco:aName>
            </gco:TypeName>
          </gfc:valueType>
          <gfc:listedValue>
            <gfc:FC_ListedValue>
              <gfc:label>
                <gco:CharacterString>-999</gco:CharacterString>
              </gfc:label>
              <gfc:definition>
                <gco:CharacterString>No GNIS identification number is available.</gco:CharacterString>
              </gfc:definition>
              <gfc:definitionReference>
                <gfc:FC_DefinitionReference>
                  <gfc:definitionSource>
                    <gfc:FC_DefinitionSource>
                      <gfc:source>
                        <gmd:CI_Citation>
                          <gmd:title>
                            <gco:CharacterString>National Atlas of the United States</gco:CharacterString>
                          </gmd:title>
                          <gmd:date gco:nilReason="unknown"/>
                          <gmd:citedResponsibleParty>
                            <gmd:CI_ResponsibleParty>
                              <gmd:organisationName>
                                <gco:CharacterString>National Atlas of the United States</gco:CharacterString>
                              </gmd:organisationName>
                              <gmd:role>
                                <gmd:CI_RoleCode codeList="http://www.isotc211.org/2005/resources/Codelist/gmxCodelists.xml#CI_RoleCode" codeListValue="resourceProvider" codeSpace="001"/>
                              </gmd:role>
                            </gmd:CI_ResponsibleParty>
                          </gmd:citedResponsibleParty>
                        </gmd:CI_Citation>
                      </gfc:source>
                    </gfc:FC_DefinitionSource>
                  </gfc:definitionSource>
                </gfc:FC_DefinitionReference>
              </gfc:definitionReference>
            </gfc:FC_ListedValue>
          </gfc:listedValue>
        </gfc:FC_FeatureAttribute>
      </gfc:carrierOfCharacteristics>
      <gfc:carrierOfCharacteristics>
        <gfc:FC_FeatureAttribute>
          <gfc:memberName>
            <gco:LocalName>Ansicode</gco:LocalName>
          </gfc:memberName>
          <gfc:definition>
            <gco:CharacterString>A unique identification number assigned by the U.S. Census Bureau. This number can be used to link places in this data set with the Census Gazetteer data.</gco:CharacterString>
          </gfc:definition>
          <gfc:cardinality gco:nilReason="unknown"/>
          <gfc:definitionReference>
            <gfc:FC_DefinitionReference>
              <gfc:definitionSource>
                <gfc:FC_DefinitionSource>
                  <gfc:source>
                    <gmd:CI_Citation>
                      <gmd:title>
                        <gco:CharacterString>National Atlas of the United States</gco:CharacterString>
                      </gmd:title>
                      <gmd:date gco:nilReason="unknown"/>
                      <gmd:citedResponsibleParty>
                        <gmd:CI_ResponsibleParty>
                          <gmd:organisationName>
                            <gco:CharacterString>National Atlas of the United States</gco:CharacterString>
                          </gmd:organisationName>
                          <gmd:role>
                            <gmd:CI_RoleCode codeList="http://www.isotc211.org/2005/resources/Codelist/gmxCodelists.xml#CI_RoleCode" codeListValue="resourceProvider" codeSpace="001"/>
                          </gmd:role>
                        </gmd:CI_ResponsibleParty>
                      </gmd:citedResponsibleParty>
                    </gmd:CI_Citation>
                  </gfc:source>
                </gfc:FC_DefinitionSource>
              </gfc:definitionSource>
            </gfc:FC_DefinitionReference>
          </gfc:definitionReference>
          <gfc:valueType>
            <gco:TypeName>
              <gco:aName>
                <gco:CharacterString>String</gco:CharacterString>
              </gco:aName>
            </gco:TypeName>
          </gfc:valueType>
          <gfc:listedValue>
            <gfc:FC_ListedValue>
              <gfc:label>
                <gco:CharacterString>-999</gco:CharacterString>
              </gfc:label>
              <gfc:definition>
                <gco:CharacterString>No Census Bureau identification number is available.</gco:CharacterString>
              </gfc:definition>
              <gfc:definitionReference>
                <gfc:FC_DefinitionReference>
                  <gfc:definitionSource>
                    <gfc:FC_DefinitionSource>
                      <gfc:source>
                        <gmd:CI_Citation>
                          <gmd:title>
                            <gco:CharacterString>National Atlas of the United States</gco:CharacterString>
                          </gmd:title>
                          <gmd:date gco:nilReason="unknown"/>
                          <gmd:citedResponsibleParty>
                            <gmd:CI_ResponsibleParty>
                              <gmd:organisationName>
                                <gco:CharacterString>National Atlas of the United States</gco:CharacterString>
                              </gmd:organisationName>
                              <gmd:role>
                                <gmd:CI_RoleCode codeList="http://www.isotc211.org/2005/resources/Codelist/gmxCodelists.xml#CI_RoleCode" codeListValue="resourceProvider" codeSpace="001"/>
                              </gmd:role>
                            </gmd:CI_ResponsibleParty>
                          </gmd:citedResponsibleParty>
                        </gmd:CI_Citation>
                      </gfc:source>
                    </gfc:FC_DefinitionSource>
                  </gfc:definitionSource>
                </gfc:FC_DefinitionReference>
              </gfc:definitionReference>
            </gfc:FC_ListedValue>
          </gfc:listedValue>
        </gfc:FC_FeatureAttribute>
      </gfc:carrierOfCharacteristics>
      <gfc:carrierOfCharacteristics>
        <gfc:FC_FeatureAttribute>
          <gfc:memberName>
            <gco:LocalName>Feature</gco:LocalName>
          </gfc:memberName>
          <gfc:definition>
            <gco:CharacterString>The type of feature, as assigned by GNIS.</gco:CharacterString>
          </gfc:definition>
          <gfc:cardinality gco:nilReason="unknown"/>
          <gfc:definitionReference>
            <gfc:FC_DefinitionReference>
              <gfc:definitionSource>
                <gfc:FC_DefinitionSource>
                  <gfc:source>
                    <gmd:CI_Citation>
                      <gmd:title>
                        <gco:CharacterString>National Atlas of the United States</gco:CharacterString>
                      </gmd:title>
                      <gmd:date gco:nilReason="unknown"/>
                      <gmd:citedResponsibleParty>
                        <gmd:CI_ResponsibleParty>
                          <gmd:organisationName>
                            <gco:CharacterString>National Atlas of the United States</gco:CharacterString>
                          </gmd:organisationName>
                          <gmd:role>
                            <gmd:CI_RoleCode codeList="http://www.isotc211.org/2005/resources/Codelist/gmxCodelists.xml#CI_RoleCode" codeListValue="resourceProvider" codeSpace="001"/>
                          </gmd:role>
                        </gmd:CI_ResponsibleParty>
                      </gmd:citedResponsibleParty>
                    </gmd:CI_Citation>
                  </gfc:source>
                </gfc:FC_DefinitionSource>
              </gfc:definitionSource>
            </gfc:FC_DefinitionReference>
          </gfc:definitionReference>
          <gfc:valueType>
            <gco:TypeName>
              <gco:aName>
                <gco:CharacterString>String</gco:CharacterString>
              </gco:aName>
            </gco:TypeName>
          </gfc:valueType>
          <gfc:listedValue>
            <gfc:FC_ListedValue>
              <gfc:label>
                <gco:CharacterString>Census</gco:CharacterString>
              </gfc:label>
              <gfc:definition>
                <gco:CharacterString>A statistical area delineated locally specifically for the tabulation of Census Bureau data (Census designated place, census county division, unorganized territory, various types of American Indian/Alaska Native statistical areas.) Distinct from Civil and Populated Place.</gco:CharacterString>
              </gfc:definition>
              <gfc:definitionReference>
                <gfc:FC_DefinitionReference>
                  <gfc:definitionSource>
                    <gfc:FC_DefinitionSource>
                      <gfc:source>
                        <gmd:CI_Citation>
                          <gmd:title>
                            <gco:CharacterString>GNIS</gco:CharacterString>
                          </gmd:title>
                          <gmd:date gco:nilReason="unknown"/>
                          <gmd:citedResponsibleParty>
                            <gmd:CI_ResponsibleParty>
                              <gmd:organisationName>
                                <gco:CharacterString>GNIS</gco:CharacterString>
                              </gmd:organisationName>
                              <gmd:role>
                                <gmd:CI_RoleCode codeList="http://www.isotc211.org/2005/resources/Codelist/gmxCodelists.xml#CI_RoleCode" codeListValue="resourceProvider" codeSpace="001"/>
                              </gmd:role>
                            </gmd:CI_ResponsibleParty>
                          </gmd:citedResponsibleParty>
                        </gmd:CI_Citation>
                      </gfc:source>
                    </gfc:FC_DefinitionSource>
                  </gfc:definitionSource>
                </gfc:FC_DefinitionReference>
              </gfc:definitionReference>
            </gfc:FC_ListedValue>
          </gfc:listedValue>
          <gfc:listedValue>
            <gfc:FC_ListedValue>
              <gfc:label>
                <gco:CharacterString>Civil</gco:CharacterString>
              </gfc:label>
              <gfc:definition>
                <gco:CharacterString>A political division formed for administrative purposes (borough, county, incorporated place, municipio, parish, town, township.) Distinct from Census and Populated Place.</gco:CharacterString>
              </gfc:definition>
              <gfc:definitionReference>
                <gfc:FC_DefinitionReference>
                  <gfc:definitionSource>
                    <gfc:FC_DefinitionSource>
                      <gfc:source>
                        <gmd:CI_Citation>
                          <gmd:title>
                            <gco:CharacterString>GNIS</gco:CharacterString>
                          </gmd:title>
                          <gmd:date gco:nilReason="unknown"/>
                          <gmd:citedResponsibleParty>
                            <gmd:CI_ResponsibleParty>
                              <gmd:organisationName>
                                <gco:CharacterString>GNIS</gco:CharacterString>
                              </gmd:organisationName>
                              <gmd:role>
                                <gmd:CI_RoleCode codeList="http://www.isotc211.org/2005/resources/Codelist/gmxCodelists.xml#CI_RoleCode" codeListValue="resourceProvider" codeSpace="001"/>
                              </gmd:role>
                            </gmd:CI_ResponsibleParty>
                          </gmd:citedResponsibleParty>
                        </gmd:CI_Citation>
                      </gfc:source>
                    </gfc:FC_DefinitionSource>
                  </gfc:definitionSource>
                </gfc:FC_DefinitionReference>
              </gfc:definitionReference>
            </gfc:FC_ListedValue>
          </gfc:listedValue>
          <gfc:listedValue>
            <gfc:FC_ListedValue>
              <gfc:label>
                <gco:CharacterString>Locale</gco:CharacterString>
              </gfc:label>
              <gfc:definition>
                <gco:CharacterString>Place at which there is or was human activity; it does not include populated places, mines, and dams (battlefield, crossroad, camp, farm, ghost town, landing, railroad siding, ranch, ruins, site, station, windmill.)</gco:CharacterString>
              </gfc:definition>
              <gfc:definitionReference>
                <gfc:FC_DefinitionReference>
                  <gfc:definitionSource>
                    <gfc:FC_DefinitionSource>
                      <gfc:source>
                        <gmd:CI_Citation>
                          <gmd:title>
                            <gco:CharacterString>GNIS</gco:CharacterString>
                          </gmd:title>
                          <gmd:date gco:nilReason="unknown"/>
                          <gmd:citedResponsibleParty>
                            <gmd:CI_ResponsibleParty>
                              <gmd:organisationName>
                                <gco:CharacterString>GNIS</gco:CharacterString>
                              </gmd:organisationName>
                              <gmd:role>
                                <gmd:CI_RoleCode codeList="http://www.isotc211.org/2005/resources/Codelist/gmxCodelists.xml#CI_RoleCode" codeListValue="resourceProvider" codeSpace="001"/>
                              </gmd:role>
                            </gmd:CI_ResponsibleParty>
                          </gmd:citedResponsibleParty>
                        </gmd:CI_Citation>
                      </gfc:source>
                    </gfc:FC_DefinitionSource>
                  </gfc:definitionSource>
                </gfc:FC_DefinitionReference>
              </gfc:definitionReference>
            </gfc:FC_ListedValue>
          </gfc:listedValue>
          <gfc:listedValue>
            <gfc:FC_ListedValue>
              <gfc:label>
                <gco:CharacterString>Place</gco:CharacterString>
              </gfc:label>
              <gfc:definition>
                <gco:CharacterString>A city or town found in local sources but that is not in either GNIS or the Census gazetteer.</gco:CharacterString>
              </gfc:definition>
              <gfc:definitionReference>
                <gfc:FC_DefinitionReference>
                  <gfc:definitionSource>
                    <gfc:FC_DefinitionSource>
                      <gfc:source>
                        <gmd:CI_Citation>
                          <gmd:title>
                            <gco:CharacterString>National Atlas of the United States</gco:CharacterString>
                          </gmd:title>
                          <gmd:date gco:nilReason="unknown"/>
                          <gmd:citedResponsibleParty>
                            <gmd:CI_ResponsibleParty>
                              <gmd:organisationName>
                                <gco:CharacterString>National Atlas of the United States</gco:CharacterString>
                              </gmd:organisationName>
                              <gmd:role>
                                <gmd:CI_RoleCode codeList="http://www.isotc211.org/2005/resources/Codelist/gmxCodelists.xml#CI_RoleCode" codeListValue="resourceProvider" codeSpace="001"/>
                              </gmd:role>
                            </gmd:CI_ResponsibleParty>
                          </gmd:citedResponsibleParty>
                        </gmd:CI_Citation>
                      </gfc:source>
                    </gfc:FC_DefinitionSource>
                  </gfc:definitionSource>
                </gfc:FC_DefinitionReference>
              </gfc:definitionReference>
            </gfc:FC_ListedValue>
          </gfc:listedValue>
          <gfc:listedValue>
            <gfc:FC_ListedValue>
              <gfc:label>
                <gco:CharacterString>Populated Place</gco:CharacterString>
              </gfc:label>
              <gfc:definition>
                <gco:CharacterString>Place or area with clustered or scattered buildings and a permanent human population (city, settlement, town, village.) A populated place is usually not incorporated and by definition has no legal boundaries. However, a populated place may have a corresponding "civil" record, the legal boundaries of which may or may not coincide with the perceived populated place. Distinct from Census and Civil classes.</gco:CharacterString>
              </gfc:definition>
              <gfc:definitionReference>
                <gfc:FC_DefinitionReference>
                  <gfc:definitionSource>
                    <gfc:FC_DefinitionSource>
                      <gfc:source>
                        <gmd:CI_Citation>
                          <gmd:title>
                            <gco:CharacterString>GNIS</gco:CharacterString>
                          </gmd:title>
                          <gmd:date gco:nilReason="unknown"/>
                          <gmd:citedResponsibleParty>
                            <gmd:CI_ResponsibleParty>
                              <gmd:organisationName>
                                <gco:CharacterString>GNIS</gco:CharacterString>
                              </gmd:organisationName>
                              <gmd:role>
                                <gmd:CI_RoleCode codeList="http://www.isotc211.org/2005/resources/Codelist/gmxCodelists.xml#CI_RoleCode" codeListValue="resourceProvider" codeSpace="001"/>
                              </gmd:role>
                            </gmd:CI_ResponsibleParty>
                          </gmd:citedResponsibleParty>
                        </gmd:CI_Citation>
                      </gfc:source>
                    </gfc:FC_DefinitionSource>
                  </gfc:definitionSource>
                </gfc:FC_DefinitionReference>
              </gfc:definitionReference>
            </gfc:FC_ListedValue>
          </gfc:listedValue>
        </gfc:FC_FeatureAttribute>
      </gfc:carrierOfCharacteristics>
      <gfc:carrierOfCharacteristics>
        <gfc:FC_FeatureAttribute>
          <gfc:memberName>
            <gco:LocalName>Feature2</gco:LocalName>
          </gfc:memberName>
          <gfc:definition>
            <gco:CharacterString>The status of the city or town</gco:CharacterString>
          </gfc:definition>
          <gfc:cardinality gco:nilReason="unknown"/>
          <gfc:definitionReference>
            <gfc:FC_DefinitionReference>
              <gfc:definitionSource>
                <gfc:FC_DefinitionSource>
                  <gfc:source>
                    <gmd:CI_Citation>
                      <gmd:title>
                        <gco:CharacterString>National Atlas of the United States</gco:CharacterString>
                      </gmd:title>
                      <gmd:date gco:nilReason="unknown"/>
                      <gmd:citedResponsibleParty>
                        <gmd:CI_ResponsibleParty>
                          <gmd:organisationName>
                            <gco:CharacterString>National Atlas of the United States</gco:CharacterString>
                          </gmd:organisationName>
                          <gmd:role>
                            <gmd:CI_RoleCode codeList="http://www.isotc211.org/2005/resources/Codelist/gmxCodelists.xml#CI_RoleCode" codeListValue="resourceProvider" codeSpace="001"/>
                          </gmd:role>
                        </gmd:CI_ResponsibleParty>
                      </gmd:citedResponsibleParty>
                    </gmd:CI_Citation>
                  </gfc:source>
                </gfc:FC_DefinitionSource>
              </gfc:definitionSource>
            </gfc:FC_DefinitionReference>
          </gfc:definitionReference>
          <gfc:valueType>
            <gco:TypeName>
              <gco:aName>
                <gco:CharacterString>String</gco:CharacterString>
              </gco:aName>
            </gco:TypeName>
          </gfc:valueType>
          <gfc:listedValue>
            <gfc:FC_ListedValue>
              <gfc:label>
                <gco:CharacterString>-999</gco:CharacterString>
              </gfc:label>
              <gfc:definition>
                <gco:CharacterString>The city or town does not have a status designation.</gco:CharacterString>
              </gfc:definition>
              <gfc:definitionReference>
                <gfc:FC_DefinitionReference>
                  <gfc:definitionSource>
                    <gfc:FC_DefinitionSource>
                      <gfc:source>
                        <gmd:CI_Citation>
                          <gmd:title>
                            <gco:CharacterString>National Atlas of the United States</gco:CharacterString>
                          </gmd:title>
                          <gmd:date gco:nilReason="unknown"/>
                          <gmd:citedResponsibleParty>
                            <gmd:CI_ResponsibleParty>
                              <gmd:organisationName>
                                <gco:CharacterString>National Atlas of the United States</gco:CharacterString>
                              </gmd:organisationName>
                              <gmd:role>
                                <gmd:CI_RoleCode codeList="http://www.isotc211.org/2005/resources/Codelist/gmxCodelists.xml#CI_RoleCode" codeListValue="resourceProvider" codeSpace="001"/>
                              </gmd:role>
                            </gmd:CI_ResponsibleParty>
                          </gmd:citedResponsibleParty>
                        </gmd:CI_Citation>
                      </gfc:source>
                    </gfc:FC_DefinitionSource>
                  </gfc:definitionSource>
                </gfc:FC_DefinitionReference>
              </gfc:definitionReference>
            </gfc:FC_ListedValue>
          </gfc:listedValue>
          <gfc:listedValue>
            <gfc:FC_ListedValue>
              <gfc:label>
                <gco:CharacterString>County Seat</gco:CharacterString>
              </gfc:label>
              <gfc:definition>
                <gco:CharacterString>A place that serves as the seat of the county government.</gco:CharacterString>
              </gfc:definition>
              <gfc:definitionReference>
                <gfc:FC_DefinitionReference>
                  <gfc:definitionSource>
                    <gfc:FC_DefinitionSource>
                      <gfc:source>
                        <gmd:CI_Citation>
                          <gmd:title>
                            <gco:CharacterString>National Atlas of the United States</gco:CharacterString>
                          </gmd:title>
                          <gmd:date gco:nilReason="unknown"/>
                          <gmd:citedResponsibleParty>
                            <gmd:CI_ResponsibleParty>
                              <gmd:organisationName>
                                <gco:CharacterString>National Atlas of the United States</gco:CharacterString>
                              </gmd:organisationName>
                              <gmd:role>
                                <gmd:CI_RoleCode codeList="http://www.isotc211.org/2005/resources/Codelist/gmxCodelists.xml#CI_RoleCode" codeListValue="resourceProvider" codeSpace="001"/>
                              </gmd:role>
                            </gmd:CI_ResponsibleParty>
                          </gmd:citedResponsibleParty>
                        </gmd:CI_Citation>
                      </gfc:source>
                    </gfc:FC_DefinitionSource>
                  </gfc:definitionSource>
                </gfc:FC_DefinitionReference>
              </gfc:definitionReference>
            </gfc:FC_ListedValue>
          </gfc:listedValue>
          <gfc:listedValue>
            <gfc:FC_ListedValue>
              <gfc:label>
                <gco:CharacterString>National Capital</gco:CharacterString>
              </gfc:label>
              <gfc:definition>
                <gco:CharacterString>A place that serves as the seat of the national government of the United States of America.</gco:CharacterString>
              </gfc:definition>
              <gfc:definitionReference>
                <gfc:FC_DefinitionReference>
                  <gfc:definitionSource>
                    <gfc:FC_DefinitionSource>
                      <gfc:source>
                        <gmd:CI_Citation>
                          <gmd:title>
                            <gco:CharacterString>National Atlas of the United States</gco:CharacterString>
                          </gmd:title>
                          <gmd:date gco:nilReason="unknown"/>
                          <gmd:citedResponsibleParty>
                            <gmd:CI_ResponsibleParty>
                              <gmd:organisationName>
                                <gco:CharacterString>National Atlas of the United States</gco:CharacterString>
                              </gmd:organisationName>
                              <gmd:role>
                                <gmd:CI_RoleCode codeList="http://www.isotc211.org/2005/resources/Codelist/gmxCodelists.xml#CI_RoleCode" codeListValue="resourceProvider" codeSpace="001"/>
                              </gmd:role>
                            </gmd:CI_ResponsibleParty>
                          </gmd:citedResponsibleParty>
                        </gmd:CI_Citation>
                      </gfc:source>
                    </gfc:FC_DefinitionSource>
                  </gfc:definitionSource>
                </gfc:FC_DefinitionReference>
              </gfc:definitionReference>
            </gfc:FC_ListedValue>
          </gfc:listedValue>
          <gfc:listedValue>
            <gfc:FC_ListedValue>
              <gfc:label>
                <gco:CharacterString>State Capital</gco:CharacterString>
              </gfc:label>
              <gfc:definition>
                <gco:CharacterString>A place that serves as the seat of the State government.</gco:CharacterString>
              </gfc:definition>
              <gfc:definitionReference>
                <gfc:FC_DefinitionReference>
                  <gfc:definitionSource>
                    <gfc:FC_DefinitionSource>
                      <gfc:source>
                        <gmd:CI_Citation>
                          <gmd:title>
                            <gco:CharacterString>National Atlas of the United States</gco:CharacterString>
                          </gmd:title>
                          <gmd:date gco:nilReason="unknown"/>
                          <gmd:citedResponsibleParty>
                            <gmd:CI_ResponsibleParty>
                              <gmd:organisationName>
                                <gco:CharacterString>National Atlas of the United States</gco:CharacterString>
                              </gmd:organisationName>
                              <gmd:role>
                                <gmd:CI_RoleCode codeList="http://www.isotc211.org/2005/resources/Codelist/gmxCodelists.xml#CI_RoleCode" codeListValue="resourceProvider" codeSpace="001"/>
                              </gmd:role>
                            </gmd:CI_ResponsibleParty>
                          </gmd:citedResponsibleParty>
                        </gmd:CI_Citation>
                      </gfc:source>
                    </gfc:FC_DefinitionSource>
                  </gfc:definitionSource>
                </gfc:FC_DefinitionReference>
              </gfc:definitionReference>
            </gfc:FC_ListedValue>
          </gfc:listedValue>
          <gfc:listedValue>
            <gfc:FC_ListedValue>
              <gfc:label>
                <gco:CharacterString>State Capital County Seat</gco:CharacterString>
              </gfc:label>
              <gfc:definition>
                <gco:CharacterString>A place that serves as the seat of both the State government and the county government.</gco:CharacterString>
              </gfc:definition>
              <gfc:definitionReference>
                <gfc:FC_DefinitionReference>
                  <gfc:definitionSource>
                    <gfc:FC_DefinitionSource>
                      <gfc:source>
                        <gmd:CI_Citation>
                          <gmd:title>
                            <gco:CharacterString>National Atlas of the United States</gco:CharacterString>
                          </gmd:title>
                          <gmd:date gco:nilReason="unknown"/>
                          <gmd:citedResponsibleParty>
                            <gmd:CI_ResponsibleParty>
                              <gmd:organisationName>
                                <gco:CharacterString>National Atlas of the United States</gco:CharacterString>
                              </gmd:organisationName>
                              <gmd:role>
                                <gmd:CI_RoleCode codeList="http://www.isotc211.org/2005/resources/Codelist/gmxCodelists.xml#CI_RoleCode" codeListValue="resourceProvider" codeSpace="001"/>
                              </gmd:role>
                            </gmd:CI_ResponsibleParty>
                          </gmd:citedResponsibleParty>
                        </gmd:CI_Citation>
                      </gfc:source>
                    </gfc:FC_DefinitionSource>
                  </gfc:definitionSource>
                </gfc:FC_DefinitionReference>
              </gfc:definitionReference>
            </gfc:FC_ListedValue>
          </gfc:listedValue>
        </gfc:FC_FeatureAttribute>
      </gfc:carrierOfCharacteristics>
      <gfc:carrierOfCharacteristics>
        <gfc:FC_FeatureAttribute>
          <gfc:memberName>
            <gco:LocalName>Name</gco:LocalName>
          </gfc:memberName>
          <gfc:definition>
            <gco:CharacterString>The name of the city or town.</gco:CharacterString>
          </gfc:definition>
          <gfc:cardinality gco:nilReason="unknown"/>
          <gfc:definitionReference>
            <gfc:FC_DefinitionReference>
              <gfc:definitionSource>
                <gfc:FC_DefinitionSource>
                  <gfc:source>
                    <gmd:CI_Citation>
                      <gmd:title>
                        <gco:CharacterString>National Atlas of the United States</gco:CharacterString>
                      </gmd:title>
                      <gmd:date gco:nilReason="unknown"/>
                      <gmd:citedResponsibleParty>
                        <gmd:CI_ResponsibleParty>
                          <gmd:organisationName>
                            <gco:CharacterString>National Atlas of the United States</gco:CharacterString>
                          </gmd:organisationName>
                          <gmd:role>
                            <gmd:CI_RoleCode codeList="http://www.isotc211.org/2005/resources/Codelist/gmxCodelists.xml#CI_RoleCode" codeListValue="resourceProvider" codeSpace="001"/>
                          </gmd:role>
                        </gmd:CI_ResponsibleParty>
                      </gmd:citedResponsibleParty>
                    </gmd:CI_Citation>
                  </gfc:source>
                </gfc:FC_DefinitionSource>
              </gfc:definitionSource>
            </gfc:FC_DefinitionReference>
          </gfc:definitionReference>
          <gfc:valueType>
            <gco:TypeName>
              <gco:aName>
                <gco:CharacterString>String</gco:CharacterString>
              </gco:aName>
            </gco:TypeName>
          </gfc:valueType>
        </gfc:FC_FeatureAttribute>
      </gfc:carrierOfCharacteristics>
      <gfc:carrierOfCharacteristics>
        <gfc:FC_FeatureAttribute>
          <gfc:memberName>
            <gco:LocalName>Pop_2010</gco:LocalName>
          </gfc:memberName>
          <gfc:definition>
            <gco:CharacterString>The 2010 population of the city or town. Locations with a population of 0 are listed as such in the Census source data.</gco:CharacterString>
          </gfc:definition>
          <gfc:cardinality gco:nilReason="unknown"/>
          <gfc:definitionReference>
            <gfc:FC_DefinitionReference>
              <gfc:definitionSource>
                <gfc:FC_DefinitionSource>
                  <gfc:source>
                    <gmd:CI_Citation>
                      <gmd:title>
                        <gco:CharacterString>National Atlas of the United States</gco:CharacterString>
                      </gmd:title>
                      <gmd:date gco:nilReason="unknown"/>
                      <gmd:citedResponsibleParty>
                        <gmd:CI_ResponsibleParty>
                          <gmd:organisationName>
                            <gco:CharacterString>National Atlas of the United States</gco:CharacterString>
                          </gmd:organisationName>
                          <gmd:role>
                            <gmd:CI_RoleCode codeList="http://www.isotc211.org/2005/resources/Codelist/gmxCodelists.xml#CI_RoleCode" codeListValue="resourceProvider" codeSpace="001"/>
                          </gmd:role>
                        </gmd:CI_ResponsibleParty>
                      </gmd:citedResponsibleParty>
                    </gmd:CI_Citation>
                  </gfc:source>
                </gfc:FC_DefinitionSource>
              </gfc:definitionSource>
            </gfc:FC_DefinitionReference>
          </gfc:definitionReference>
          <gfc:valueType>
            <gco:TypeName>
              <gco:aName>
                <gco:CharacterString>Double</gco:CharacterString>
              </gco:aName>
            </gco:TypeName>
          </gfc:valueType>
          <gfc:listedValue>
            <gfc:FC_ListedValue>
              <gfc:label>
                <gco:CharacterString>-999</gco:CharacterString>
              </gfc:label>
              <gfc:definition>
                <gco:CharacterString>No population information is available for the city or town.</gco:CharacterString>
              </gfc:definition>
              <gfc:definitionReference>
                <gfc:FC_DefinitionReference>
                  <gfc:definitionSource>
                    <gfc:FC_DefinitionSource>
                      <gfc:source>
                        <gmd:CI_Citation>
                          <gmd:title>
                            <gco:CharacterString>National Atlas of the United States</gco:CharacterString>
                          </gmd:title>
                          <gmd:date gco:nilReason="unknown"/>
                          <gmd:citedResponsibleParty>
                            <gmd:CI_ResponsibleParty>
                              <gmd:organisationName>
                                <gco:CharacterString>National Atlas of the United States</gco:CharacterString>
                              </gmd:organisationName>
                              <gmd:role>
                                <gmd:CI_RoleCode codeList="http://www.isotc211.org/2005/resources/Codelist/gmxCodelists.xml#CI_RoleCode" codeListValue="resourceProvider" codeSpace="001"/>
                              </gmd:role>
                            </gmd:CI_ResponsibleParty>
                          </gmd:citedResponsibleParty>
                        </gmd:CI_Citation>
                      </gfc:source>
                    </gfc:FC_DefinitionSource>
                  </gfc:definitionSource>
                </gfc:FC_DefinitionReference>
              </gfc:definitionReference>
            </gfc:FC_ListedValue>
          </gfc:listedValue>
        </gfc:FC_FeatureAttribute>
      </gfc:carrierOfCharacteristics>
      <gfc:carrierOfCharacteristics>
        <gfc:FC_FeatureAttribute>
          <gfc:memberName>
            <gco:LocalName>County</gco:LocalName>
          </gfc:memberName>
          <gfc:definition>
            <gco:CharacterString>The name of the county or county equivalent where the city or town is located.</gco:CharacterString>
          </gfc:definition>
          <gfc:cardinality gco:nilReason="unknown"/>
          <gfc:definitionReference>
            <gfc:FC_DefinitionReference>
              <gfc:definitionSource>
                <gfc:FC_DefinitionSource>
                  <gfc:source>
                    <gmd:CI_Citation>
                      <gmd:title>
                        <gco:CharacterString>National Atlas of the United States</gco:CharacterString>
                      </gmd:title>
                      <gmd:date gco:nilReason="unknown"/>
                      <gmd:citedResponsibleParty>
                        <gmd:CI_ResponsibleParty>
                          <gmd:organisationName>
                            <gco:CharacterString>National Atlas of the United States</gco:CharacterString>
                          </gmd:organisationName>
                          <gmd:role>
                            <gmd:CI_RoleCode codeList="http://www.isotc211.org/2005/resources/Codelist/gmxCodelists.xml#CI_RoleCode" codeListValue="resourceProvider" codeSpace="001"/>
                          </gmd:role>
                        </gmd:CI_ResponsibleParty>
                      </gmd:citedResponsibleParty>
                    </gmd:CI_Citation>
                  </gfc:source>
                </gfc:FC_DefinitionSource>
              </gfc:definitionSource>
            </gfc:FC_DefinitionReference>
          </gfc:definitionReference>
          <gfc:valueType>
            <gco:TypeName>
              <gco:aName>
                <gco:CharacterString>String</gco:CharacterString>
              </gco:aName>
            </gco:TypeName>
          </gfc:valueType>
        </gfc:FC_FeatureAttribute>
      </gfc:carrierOfCharacteristics>
      <gfc:carrierOfCharacteristics>
        <gfc:FC_FeatureAttribute>
          <gfc:memberName>
            <gco:LocalName>Countyfips</gco:LocalName>
          </gfc:memberName>
          <gfc:definition>
            <gco:CharacterString>The 3-digit FIPS code of the county or county equivalent.</gco:CharacterString>
          </gfc:definition>
          <gfc:cardinality gco:nilReason="unknown"/>
          <gfc:definitionReference>
            <gfc:FC_DefinitionReference>
              <gfc:definitionSource>
                <gfc:FC_DefinitionSource>
                  <gfc:source>
                    <gmd:CI_Citation>
                      <gmd:title>
                        <gco:CharacterString>National Atlas of the United States</gco:CharacterString>
                      </gmd:title>
                      <gmd:date gco:nilReason="unknown"/>
                      <gmd:citedResponsibleParty>
                        <gmd:CI_ResponsibleParty>
                          <gmd:organisationName>
                            <gco:CharacterString>National Atlas of the United States</gco:CharacterString>
                          </gmd:organisationName>
                          <gmd:role>
                            <gmd:CI_RoleCode codeList="http://www.isotc211.org/2005/resources/Codelist/gmxCodelists.xml#CI_RoleCode" codeListValue="resourceProvider" codeSpace="001"/>
                          </gmd:role>
                        </gmd:CI_ResponsibleParty>
                      </gmd:citedResponsibleParty>
                    </gmd:CI_Citation>
                  </gfc:source>
                </gfc:FC_DefinitionSource>
              </gfc:definitionSource>
            </gfc:FC_DefinitionReference>
          </gfc:definitionReference>
          <gfc:valueType>
            <gco:TypeName>
              <gco:aName>
                <gco:CharacterString>String</gco:CharacterString>
              </gco:aName>
            </gco:TypeName>
          </gfc:valueType>
        </gfc:FC_FeatureAttribute>
      </gfc:carrierOfCharacteristics>
      <gfc:carrierOfCharacteristics>
        <gfc:FC_FeatureAttribute>
          <gfc:memberName>
            <gco:LocalName>State</gco:LocalName>
          </gfc:memberName>
          <gfc:definition>
            <gco:CharacterString>The 2-character abbreviation for the State in which the city or town is located.</gco:CharacterString>
          </gfc:definition>
          <gfc:cardinality gco:nilReason="unknown"/>
          <gfc:definitionReference>
            <gfc:FC_DefinitionReference>
              <gfc:definitionSource>
                <gfc:FC_DefinitionSource>
                  <gfc:source>
                    <gmd:CI_Citation>
                      <gmd:title>
                        <gco:CharacterString>National Atlas of the United States</gco:CharacterString>
                      </gmd:title>
                      <gmd:date gco:nilReason="unknown"/>
                      <gmd:citedResponsibleParty>
                        <gmd:CI_ResponsibleParty>
                          <gmd:organisationName>
                            <gco:CharacterString>National Atlas of the United States</gco:CharacterString>
                          </gmd:organisationName>
                          <gmd:role>
                            <gmd:CI_RoleCode codeList="http://www.isotc211.org/2005/resources/Codelist/gmxCodelists.xml#CI_RoleCode" codeListValue="resourceProvider" codeSpace="001"/>
                          </gmd:role>
                        </gmd:CI_ResponsibleParty>
                      </gmd:citedResponsibleParty>
                    </gmd:CI_Citation>
                  </gfc:source>
                </gfc:FC_DefinitionSource>
              </gfc:definitionSource>
            </gfc:FC_DefinitionReference>
          </gfc:definitionReference>
          <gfc:valueType>
            <gco:TypeName>
              <gco:aName>
                <gco:CharacterString>String</gco:CharacterString>
              </gco:aName>
            </gco:TypeName>
          </gfc:valueType>
        </gfc:FC_FeatureAttribute>
      </gfc:carrierOfCharacteristics>
      <gfc:carrierOfCharacteristics>
        <gfc:FC_FeatureAttribute>
          <gfc:memberName>
            <gco:LocalName>State_fips</gco:LocalName>
          </gfc:memberName>
          <gfc:definition>
            <gco:CharacterString>The 2-digit FIPS code for the State in which the city or town is located.</gco:CharacterString>
          </gfc:definition>
          <gfc:cardinality gco:nilReason="unknown"/>
          <gfc:definitionReference>
            <gfc:FC_DefinitionReference>
              <gfc:definitionSource>
                <gfc:FC_DefinitionSource>
                  <gfc:source>
                    <gmd:CI_Citation>
                      <gmd:title>
                        <gco:CharacterString>National Atlas of the United States</gco:CharacterString>
                      </gmd:title>
                      <gmd:date gco:nilReason="unknown"/>
                      <gmd:citedResponsibleParty>
                        <gmd:CI_ResponsibleParty>
                          <gmd:organisationName>
                            <gco:CharacterString>National Atlas of the United States</gco:CharacterString>
                          </gmd:organisationName>
                          <gmd:role>
                            <gmd:CI_RoleCode codeList="http://www.isotc211.org/2005/resources/Codelist/gmxCodelists.xml#CI_RoleCode" codeListValue="resourceProvider" codeSpace="001"/>
                          </gmd:role>
                        </gmd:CI_ResponsibleParty>
                      </gmd:citedResponsibleParty>
                    </gmd:CI_Citation>
                  </gfc:source>
                </gfc:FC_DefinitionSource>
              </gfc:definitionSource>
            </gfc:FC_DefinitionReference>
          </gfc:definitionReference>
          <gfc:valueType>
            <gco:TypeName>
              <gco:aName>
                <gco:CharacterString>String</gco:CharacterString>
              </gco:aName>
            </gco:TypeName>
          </gfc:valueType>
        </gfc:FC_FeatureAttribute>
      </gfc:carrierOfCharacteristics>
      <gfc:carrierOfCharacteristics>
        <gfc:FC_FeatureAttribute>
          <gfc:memberName>
            <gco:LocalName>Latitude</gco:LocalName>
          </gfc:memberName>
          <gfc:definition>
            <gco:CharacterString>The latitude of the city or town as it appears in this data set.</gco:CharacterString>
          </gfc:definition>
          <gfc:cardinality gco:nilReason="unknown"/>
          <gfc:definitionReference>
            <gfc:FC_DefinitionReference>
              <gfc:definitionSource>
                <gfc:FC_DefinitionSource>
                  <gfc:source>
                    <gmd:CI_Citation>
                      <gmd:title>
                        <gco:CharacterString>National Atlas of the United States</gco:CharacterString>
                      </gmd:title>
                      <gmd:date gco:nilReason="unknown"/>
                      <gmd:citedResponsibleParty>
                        <gmd:CI_ResponsibleParty>
                          <gmd:organisationName>
                            <gco:CharacterString>National Atlas of the United States</gco:CharacterString>
                          </gmd:organisationName>
                          <gmd:role>
                            <gmd:CI_RoleCode codeList="http://www.isotc211.org/2005/resources/Codelist/gmxCodelists.xml#CI_RoleCode" codeListValue="resourceProvider" codeSpace="001"/>
                          </gmd:role>
                        </gmd:CI_ResponsibleParty>
                      </gmd:citedResponsibleParty>
                    </gmd:CI_Citation>
                  </gfc:source>
                </gfc:FC_DefinitionSource>
              </gfc:definitionSource>
            </gfc:FC_DefinitionReference>
          </gfc:definitionReference>
          <gfc:valueType>
            <gco:TypeName>
              <gco:aName>
                <gco:CharacterString>Double</gco:CharacterString>
              </gco:aName>
            </gco:TypeName>
          </gfc:valueType>
        </gfc:FC_FeatureAttribute>
      </gfc:carrierOfCharacteristics>
      <gfc:carrierOfCharacteristics>
        <gfc:FC_FeatureAttribute>
          <gfc:memberName>
            <gco:LocalName>Longitude</gco:LocalName>
          </gfc:memberName>
          <gfc:definition>
            <gco:CharacterString>The longitude of the city or town as it appears in this data set.</gco:CharacterString>
          </gfc:definition>
          <gfc:cardinality gco:nilReason="unknown"/>
          <gfc:definitionReference>
            <gfc:FC_DefinitionReference>
              <gfc:definitionSource>
                <gfc:FC_DefinitionSource>
                  <gfc:source>
                    <gmd:CI_Citation>
                      <gmd:title>
                        <gco:CharacterString>National Atlas of the United States</gco:CharacterString>
                      </gmd:title>
                      <gmd:date gco:nilReason="unknown"/>
                      <gmd:citedResponsibleParty>
                        <gmd:CI_ResponsibleParty>
                          <gmd:organisationName>
                            <gco:CharacterString>National Atlas of the United States</gco:CharacterString>
                          </gmd:organisationName>
                          <gmd:role>
                            <gmd:CI_RoleCode codeList="http://www.isotc211.org/2005/resources/Codelist/gmxCodelists.xml#CI_RoleCode" codeListValue="resourceProvider" codeSpace="001"/>
                          </gmd:role>
                        </gmd:CI_ResponsibleParty>
                      </gmd:citedResponsibleParty>
                    </gmd:CI_Citation>
                  </gfc:source>
                </gfc:FC_DefinitionSource>
              </gfc:definitionSource>
            </gfc:FC_DefinitionReference>
          </gfc:definitionReference>
          <gfc:valueType>
            <gco:TypeName>
              <gco:aName>
                <gco:CharacterString>Double</gco:CharacterString>
              </gco:aName>
            </gco:TypeName>
          </gfc:valueType>
        </gfc:FC_FeatureAttribute>
      </gfc:carrierOfCharacteristics>
      <gfc:carrierOfCharacteristics>
        <gfc:FC_FeatureAttribute>
          <gfc:memberName>
            <gco:LocalName>Poppllat</gco:LocalName>
          </gfc:memberName>
          <gfc:definition>
            <gco:CharacterString>The latitude of the city or town as it appears in the source data.</gco:CharacterString>
          </gfc:definition>
          <gfc:cardinality gco:nilReason="unknown"/>
          <gfc:definitionReference>
            <gfc:FC_DefinitionReference>
              <gfc:definitionSource>
                <gfc:FC_DefinitionSource>
                  <gfc:source>
                    <gmd:CI_Citation>
                      <gmd:title>
                        <gco:CharacterString>National Atlas of the United States</gco:CharacterString>
                      </gmd:title>
                      <gmd:date gco:nilReason="unknown"/>
                      <gmd:citedResponsibleParty>
                        <gmd:CI_ResponsibleParty>
                          <gmd:organisationName>
                            <gco:CharacterString>National Atlas of the United States</gco:CharacterString>
                          </gmd:organisationName>
                          <gmd:role>
                            <gmd:CI_RoleCode codeList="http://www.isotc211.org/2005/resources/Codelist/gmxCodelists.xml#CI_RoleCode" codeListValue="resourceProvider" codeSpace="001"/>
                          </gmd:role>
                        </gmd:CI_ResponsibleParty>
                      </gmd:citedResponsibleParty>
                    </gmd:CI_Citation>
                  </gfc:source>
                </gfc:FC_DefinitionSource>
              </gfc:definitionSource>
            </gfc:FC_DefinitionReference>
          </gfc:definitionReference>
          <gfc:valueType>
            <gco:TypeName>
              <gco:aName>
                <gco:CharacterString>Double</gco:CharacterString>
              </gco:aName>
            </gco:TypeName>
          </gfc:valueType>
        </gfc:FC_FeatureAttribute>
      </gfc:carrierOfCharacteristics>
      <gfc:carrierOfCharacteristics>
        <gfc:FC_FeatureAttribute>
          <gfc:memberName>
            <gco:LocalName>Poppllong</gco:LocalName>
          </gfc:memberName>
          <gfc:definition>
            <gco:CharacterString>The longitude of the city or town as it appears in the source data.</gco:CharacterString>
          </gfc:definition>
          <gfc:cardinality gco:nilReason="unknown"/>
          <gfc:definitionReference>
            <gfc:FC_DefinitionReference>
              <gfc:definitionSource>
                <gfc:FC_DefinitionSource>
                  <gfc:source>
                    <gmd:CI_Citation>
                      <gmd:title>
                        <gco:CharacterString>National Atlas of the United States</gco:CharacterString>
                      </gmd:title>
                      <gmd:date gco:nilReason="unknown"/>
                      <gmd:citedResponsibleParty>
                        <gmd:CI_ResponsibleParty>
                          <gmd:organisationName>
                            <gco:CharacterString>National Atlas of the United States</gco:CharacterString>
                          </gmd:organisationName>
                          <gmd:role>
                            <gmd:CI_RoleCode codeList="http://www.isotc211.org/2005/resources/Codelist/gmxCodelists.xml#CI_RoleCode" codeListValue="resourceProvider" codeSpace="001"/>
                          </gmd:role>
                        </gmd:CI_ResponsibleParty>
                      </gmd:citedResponsibleParty>
                    </gmd:CI_Citation>
                  </gfc:source>
                </gfc:FC_DefinitionSource>
              </gfc:definitionSource>
            </gfc:FC_DefinitionReference>
          </gfc:definitionReference>
          <gfc:valueType>
            <gco:TypeName>
              <gco:aName>
                <gco:CharacterString>Double</gco:CharacterString>
              </gco:aName>
            </gco:TypeName>
          </gfc:valueType>
        </gfc:FC_FeatureAttribute>
      </gfc:carrierOfCharacteristics>
      <gfc:carrierOfCharacteristics>
        <gfc:FC_FeatureAttribute>
          <gfc:memberName>
            <gco:LocalName>Elev_in_m</gco:LocalName>
          </gfc:memberName>
          <gfc:definition>
            <gco:CharacterString>The elevation, in meters, of the city or town. Determined from GNIS or from topographic map sources.</gco:CharacterString>
          </gfc:definition>
          <gfc:cardinality gco:nilReason="unknown"/>
          <gfc:definitionReference>
            <gfc:FC_DefinitionReference>
              <gfc:definitionSource>
                <gfc:FC_DefinitionSource>
                  <gfc:source>
                    <gmd:CI_Citation>
                      <gmd:title>
                        <gco:CharacterString>National Atlas of the United States</gco:CharacterString>
                      </gmd:title>
                      <gmd:date gco:nilReason="unknown"/>
                      <gmd:citedResponsibleParty>
                        <gmd:CI_ResponsibleParty>
                          <gmd:organisationName>
                            <gco:CharacterString>National Atlas of the United States</gco:CharacterString>
                          </gmd:organisationName>
                          <gmd:role>
                            <gmd:CI_RoleCode codeList="http://www.isotc211.org/2005/resources/Codelist/gmxCodelists.xml#CI_RoleCode" codeListValue="resourceProvider" codeSpace="001"/>
                          </gmd:role>
                        </gmd:CI_ResponsibleParty>
                      </gmd:citedResponsibleParty>
                    </gmd:CI_Citation>
                  </gfc:source>
                </gfc:FC_DefinitionSource>
              </gfc:definitionSource>
            </gfc:FC_DefinitionReference>
          </gfc:definitionReference>
          <gfc:valueType>
            <gco:TypeName>
              <gco:aName>
                <gco:CharacterString>Double</gco:CharacterString>
              </gco:aName>
            </gco:TypeName>
          </gfc:valueType>
        </gfc:FC_FeatureAttribute>
      </gfc:carrierOfCharacteristics>
      <gfc:carrierOfCharacteristics>
        <gfc:FC_FeatureAttribute>
          <gfc:memberName>
            <gco:LocalName>Elev_in_ft</gco:LocalName>
          </gfc:memberName>
          <gfc:definition>
            <gco:CharacterString>The elevation, in meters, of the city or town. Determined from GNIS or from topographic map sources.</gco:CharacterString>
          </gfc:definition>
          <gfc:cardinality gco:nilReason="unknown"/>
          <gfc:definitionReference>
            <gfc:FC_DefinitionReference>
              <gfc:definitionSource>
                <gfc:FC_DefinitionSource>
                  <gfc:source>
                    <gmd:CI_Citation>
                      <gmd:title>
                        <gco:CharacterString>National Atlas of the United States</gco:CharacterString>
                      </gmd:title>
                      <gmd:date gco:nilReason="unknown"/>
                      <gmd:citedResponsibleParty>
                        <gmd:CI_ResponsibleParty>
                          <gmd:organisationName>
                            <gco:CharacterString>National Atlas of the United States</gco:CharacterString>
                          </gmd:organisationName>
                          <gmd:role>
                            <gmd:CI_RoleCode codeList="http://www.isotc211.org/2005/resources/Codelist/gmxCodelists.xml#CI_RoleCode" codeListValue="resourceProvider" codeSpace="001"/>
                          </gmd:role>
                        </gmd:CI_ResponsibleParty>
                      </gmd:citedResponsibleParty>
                    </gmd:CI_Citation>
                  </gfc:source>
                </gfc:FC_DefinitionSource>
              </gfc:definitionSource>
            </gfc:FC_DefinitionReference>
          </gfc:definitionReference>
          <gfc:valueType>
            <gco:TypeName>
              <gco:aName>
                <gco:CharacterString>Double</gco:CharacterString>
              </gco:aName>
            </gco:TypeName>
          </gfc:valueType>
        </gfc:FC_FeatureAttribute>
      </gfc:carrierOfCharacteristics>
    </gfc:FC_FeatureType>
  </gfc:featureType>
</gfc:FC_FeatureCatalogue>
